trace_number,ffid,sx,sy,gx,gy
1,1,400,0,100,0
2,1,400,0,150,0
3,1,400,0,200,0
4,1,400,0,250,0
5,1,400,0,300,0
6,1,400,0,350,0
7,1,400,0,400,0
8,1,400,0,450,0
9,1,400,0,500,0
10,1,400,0,550,0
11,1,400,0,600,0
12,1,400,0,650,0
13,1,400,0,700,0
14,1,400,0,750,0
15,1,400,0,800,0
16,1,400,0,850,0
17,1,400,0,900,0
18,1,400,0,950,0
19,1,400,0,1000,0
20,1,400,0,1050,0
21,1,400,0,1100,0
22,1,400,0,1150,0
23,1,400,0,1200,0
24,1,400,0,1250,0
25,1,400,0,1300,0
26,1,400,0,1350,0
27,1,400,0,1400,0
28,1,400,0,1450,0
29,1,400,0,1500,0
30,1,400,0,1550,0
31,1,400,0,1600,0
32,1,400,0,1650,0
33,1,400,0,1700,0
34,1,400,0,1750,0
35,1,400,0,1800,0
36,1,400,0,1850,0
37,1,400,0,1900,0
38,1,400,0,1950,0
39,1,400,0,2000,0
40,1,400,0,2050,0
41,1,400,0,2100,0
42,1,400,0,2150,0
43,1,400,0,2200,0
44,1,400,0,2250,0
45,1,400,0,2300,0
46,1,400,0,2350,0
47,1,400,0,2400,0
48,1,400,0,2450,0
49,1,400,0,2500,0
50,1,400,0,2550,0
51,1,400,0,2600,0
52,1,400,0,2650,0
53,1,400,0,2700,0
54,1,400,0,2750,0
55,1,400,0,2800,0
56,1,400,0,2850,0
57,1,400,0,2900,0
58,1,400,0,2950,0
59,1,400,0,3000,0
60,1,400,0,3050,0
61,1,400,0,3100,0
62,1,400,0,3150,0
63,1,400,0,3200,0
64,1,400,0,3250,0
65,1,400,0,3300,0
66,1,400,0,3350,0
67,1,400,0,3400,0
68,1,400,0,3450,0
69,1,400,0,3500,0
70,1,400,0,3550,0
71,1,400,0,3600,0
72,1,400,0,3650,0
73,1,400,0,3700,0
74,1,400,0,3750,0
75,1,400,0,3800,0
76,1,400,0,3850,0
77,1,400,0,3900,0
78,1,400,0,3950,0
79,1,400,0,4000,0
80,1,400,0,4050,0
81,1,400,0,4100,0
82,1,400,0,4150,0
83,1,400,0,4200,0
84,1,400,0,4250,0
85,1,400,0,4300,0
86,1,400,0,4350,0
87,1,400,0,4400,0
88,1,400,0,4450,0
89,1,400,0,4500,0
90,1,400,0,4550,0
91,1,400,0,4600,0
92,1,400,0,4650,0
93,1,400,0,4700,0
94,1,400,0,4750,0
95,1,400,0,4800,0
96,1,400,0,4850,0
97,1,400,0,4900,0
98,1,400,0,4950,0
99,1,400,0,5000,0
100,1,400,0,5050,0
101,1,400,0,5100,0
102,1,400,0,5150,0
103,1,400,0,5200,0
104,1,400,0,5250,0
105,1,400,0,5300,0
106,1,400,0,5350,0
107,1,400,0,5400,0
108,1,400,0,5450,0
109,1,400,0,5500,0
110,1,400,0,5550,0
111,1,400,0,5600,0
112,1,400,0,5650,0
113,1,400,0,5700,0
114,1,400,0,5750,0
115,1,400,0,5800,0
116,1,400,0,5850,0
117,1,400,0,5900,0
118,1,400,0,5950,0
119,1,400,0,6000,0
120,1,400,0,6050,0
121,1,400,0,6100,0
122,1,400,0,6150,0
123,1,400,0,6200,0
124,1,400,0,6250,0
125,1,400,0,6300,0
126,1,400,0,6350,0
127,1,400,0,6400,0
128,1,400,0,6450,0
129,1,400,0,6500,0
130,1,400,0,6550,0
131,1,400,0,6600,0
132,1,400,0,6650,0
133,1,400,0,6700,0
134,1,400,0,6750,0
135,1,400,0,6800,0
136,1,400,0,6850,0
137,1,400,0,6900,0
138,1,400,0,6950,0
139,1,400,0,7000,0
140,1,400,0,7050,0
141,1,400,0,7100,0
142,1,400,0,7150,0
143,1,400,0,7200,0
144,1,400,0,7250,0
145,1,400,0,7300,0
146,1,400,0,7350,0
147,1,400,0,7400,0
148,1,400,0,7450,0
149,1,400,0,7500,0
150,1,400,0,7550,0
151,1,400,0,7600,0
152,1,400,0,7650,0
153,1,400,0,7700,0
154,1,400,0,7750,0
155,1,400,0,7800,0
156,1,400,0,7850,0
157,1,400,0,7900,0
158,1,400,0,7950,0
159,1,400,0,8000,0
160,1,400,0,8050,0
161,1,400,0,8100,0
162,1,400,0,8150,0
163,1,400,0,8200,0
164,1,400,0,8250,0
165,1,400,0,8300,0
166,1,400,0,8350,0
167,1,400,0,8400,0
168,1,400,0,8450,0
169,1,400,0,8500,0
170,1,400,0,8550,0
171,1,400,0,8600,0
172,1,400,0,8650,0
173,1,400,0,8700,0
174,1,400,0,8750,0
175,1,400,0,8800,0
176,1,400,0,8850,0
177,1,400,0,8900,0
178,1,400,0,8950,0
179,1,400,0,9000,0
180,1,400,0,9050,0
181,1,400,0,9100,0
182,1,400,0,9150,0
183,1,400,0,9200,0
184,1,400,0,9250,0
185,1,400,0,9300,0
186,1,400,0,9350,0
187,1,400,0,9400,0
188,1,400,0,9450,0
189,1,400,0,9500,0
190,1,400,0,9550,0
191,1,400,0,9600,0
192,1,400,0,9650,0
193,1,400,0,9700,0
194,1,400,0,9750,0
195,1,400,0,9800,0
196,1,400,0,9850,0
197,1,400,0,9900,0
198,2,1013.333,0,100,0
199,2,1013.333,0,150,0
200,2,1013.333,0,200,0
201,2,1013.333,0,250,0
202,2,1013.333,0,300,0
203,2,1013.333,0,350,0
204,2,1013.333,0,400,0
205,2,1013.333,0,450,0
206,2,1013.333,0,500,0
207,2,1013.333,0,550,0
208,2,1013.333,0,600,0
209,2,1013.333,0,650,0
210,2,1013.333,0,700,0
211,2,1013.333,0,750,0
212,2,1013.333,0,800,0
213,2,1013.333,0,850,0
214,2,1013.333,0,900,0
215,2,1013.333,0,950,0
216,2,1013.333,0,1000,0
217,2,1013.333,0,1050,0
218,2,1013.333,0,1100,0
219,2,1013.333,0,1150,0
220,2,1013.333,0,1200,0
221,2,1013.333,0,1250,0
222,2,1013.333,0,1300,0
223,2,1013.333,0,1350,0
224,2,1013.333,0,1400,0
225,2,1013.333,0,1450,0
226,2,1013.333,0,1500,0
227,2,1013.333,0,1550,0
228,2,1013.333,0,1600,0
229,2,1013.333,0,1650,0
230,2,1013.333,0,1700,0
231,2,1013.333,0,1750,0
232,2,1013.333,0,1800,0
233,2,1013.333,0,1850,0
234,2,1013.333,0,1900,0
235,2,1013.333,0,1950,0
236,2,1013.333,0,2000,0
237,2,1013.333,0,2050,0
238,2,1013.333,0,2100,0
239,2,1013.333,0,2150,0
240,2,1013.333,0,2200,0
241,2,1013.333,0,2250,0
242,2,1013.333,0,2300,0
243,2,1013.333,0,2350,0
244,2,1013.333,0,2400,0
245,2,1013.333,0,2450,0
246,2,1013.333,0,2500,0
247,2,1013.333,0,2550,0
248,2,1013.333,0,2600,0
249,2,1013.333,0,2650,0
250,2,1013.333,0,2700,0
251,2,1013.333,0,2750,0
252,2,1013.333,0,2800,0
253,2,1013.333,0,2850,0
254,2,1013.333,0,2900,0
255,2,1013.333,0,2950,0
256,2,1013.333,0,3000,0
257,2,1013.333,0,3050,0
258,2,1013.333,0,3100,0
259,2,1013.333,0,3150,0
260,2,1013.333,0,3200,0
261,2,1013.333,0,3250,0
262,2,1013.333,0,3300,0
263,2,1013.333,0,3350,0
264,2,1013.333,0,3400,0
265,2,1013.333,0,3450,0
266,2,1013.333,0,3500,0
267,2,1013.333,0,3550,0
268,2,1013.333,0,3600,0
269,2,1013.333,0,3650,0
270,2,1013.333,0,3700,0
271,2,1013.333,0,3750,0
272,2,1013.333,0,3800,0
273,2,1013.333,0,3850,0
274,2,1013.333,0,3900,0
275,2,1013.333,0,3950,0
276,2,1013.333,0,4000,0
277,2,1013.333,0,4050,0
278,2,1013.333,0,4100,0
279,2,1013.333,0,4150,0
280,2,1013.333,0,4200,0
281,2,1013.333,0,4250,0
282,2,1013.333,0,4300,0
283,2,1013.333,0,4350,0
284,2,1013.333,0,4400,0
285,2,1013.333,0,4450,0
286,2,1013.333,0,4500,0
287,2,1013.333,0,4550,0
288,2,1013.333,0,4600,0
289,2,1013.333,0,4650,0
290,2,1013.333,0,4700,0
291,2,1013.333,0,4750,0
292,2,1013.333,0,4800,0
293,2,1013.333,0,4850,0
294,2,1013.333,0,4900,0
295,2,1013.333,0,4950,0
296,2,1013.333,0,5000,0
297,2,1013.333,0,5050,0
298,2,1013.333,0,5100,0
299,2,1013.333,0,5150,0
300,2,1013.333,0,5200,0
301,2,1013.333,0,5250,0
302,2,1013.333,0,5300,0
303,2,1013.333,0,5350,0
304,2,1013.333,0,5400,0
305,2,1013.333,0,5450,0
306,2,1013.333,0,5500,0
307,2,1013.333,0,5550,0
308,2,1013.333,0,5600,0
309,2,1013.333,0,5650,0
310,2,1013.333,0,5700,0
311,2,1013.333,0,5750,0
312,2,1013.333,0,5800,0
313,2,1013.333,0,5850,0
314,2,1013.333,0,5900,0
315,2,1013.333,0,5950,0
316,2,1013.333,0,6000,0
317,2,1013.333,0,6050,0
318,2,1013.333,0,6100,0
319,2,1013.333,0,6150,0
320,2,1013.333,0,6200,0
321,2,1013.333,0,6250,0
322,2,1013.333,0,6300,0
323,2,1013.333,0,6350,0
324,2,1013.333,0,6400,0
325,2,1013.333,0,6450,0
326,2,1013.333,0,6500,0
327,2,1013.333,0,6550,0
328,2,1013.333,0,6600,0
329,2,1013.333,0,6650,0
330,2,1013.333,0,6700,0
331,2,1013.333,0,6750,0
332,2,1013.333,0,6800,0
333,2,1013.333,0,6850,0
334,2,1013.333,0,6900,0
335,2,1013.333,0,6950,0
336,2,1013.333,0,7000,0
337,2,1013.333,0,7050,0
338,2,1013.333,0,7100,0
339,2,1013.333,0,7150,0
340,2,1013.333,0,7200,0
341,2,1013.333,0,7250,0
342,2,1013.333,0,7300,0
343,2,1013.333,0,7350,0
344,2,1013.333,0,7400,0
345,2,1013.333,0,7450,0
346,2,1013.333,0,7500,0
347,2,1013.333,0,7550,0
348,2,1013.333,0,7600,0
349,2,1013.333,0,7650,0
350,2,1013.333,0,7700,0
351,2,1013.333,0,7750,0
352,2,1013.333,0,7800,0
353,2,1013.333,0,7850,0
354,2,1013.333,0,7900,0
355,2,1013.333,0,7950,0
356,2,1013.333,0,8000,0
357,2,1013.333,0,8050,0
358,2,1013.333,0,8100,0
359,2,1013.333,0,8150,0
360,2,1013.333,0,8200,0
361,2,1013.333,0,8250,0
362,2,1013.333,0,8300,0
363,2,1013.333,0,8350,0
364,2,1013.333,0,8400,0
365,2,1013.333,0,8450,0
366,2,1013.333,0,8500,0
367,2,1013.333,0,8550,0
368,2,1013.333,0,8600,0
369,2,1013.333,0,8650,0
370,2,1013.333,0,8700,0
371,2,1013.333,0,8750,0
372,2,1013.333,0,8800,0
373,2,1013.333,0,8850,0
374,2,1013.333,0,8900,0
375,2,1013.333,0,8950,0
376,2,1013.333,0,9000,0
377,2,1013.333,0,9050,0
378,2,1013.333,0,9100,0
379,2,1013.333,0,9150,0
380,2,1013.333,0,9200,0
381,2,1013.333,0,9250,0
382,2,1013.333,0,9300,0
383,2,1013.333,0,9350,0
384,2,1013.333,0,9400,0
385,2,1013.333,0,9450,0
386,2,1013.333,0,9500,0
387,2,1013.333,0,9550,0
388,2,1013.333,0,9600,0
389,2,1013.333,0,9650,0
390,2,1013.333,0,9700,0
391,2,1013.333,0,9750,0
392,2,1013.333,0,9800,0
393,2,1013.333,0,9850,0
394,2,1013.333,0,9900,0
395,3,1626.667,0,100,0
396,3,1626.667,0,150,0
397,3,1626.667,0,200,0
398,3,1626.667,0,250,0
399,3,1626.667,0,300,0
400,3,1626.667,0,350,0
401,3,1626.667,0,400,0
402,3,1626.667,0,450,0
403,3,1626.667,0,500,0
404,3,1626.667,0,550,0
405,3,1626.667,0,600,0
406,3,1626.667,0,650,0
407,3,1626.667,0,700,0
408,3,1626.667,0,750,0
409,3,1626.667,0,800,0
410,3,1626.667,0,850,0
411,3,1626.667,0,900,0
412,3,1626.667,0,950,0
413,3,1626.667,0,1000,0
414,3,1626.667,0,1050,0
415,3,1626.667,0,1100,0
416,3,1626.667,0,1150,0
417,3,1626.667,0,1200,0
418,3,1626.667,0,1250,0
419,3,1626.667,0,1300,0
420,3,1626.667,0,1350,0
421,3,1626.667,0,1400,0
422,3,1626.667,0,1450,0
423,3,1626.667,0,1500,0
424,3,1626.667,0,1550,0
425,3,1626.667,0,1600,0
426,3,1626.667,0,1650,0
427,3,1626.667,0,1700,0
428,3,1626.667,0,1750,0
429,3,1626.667,0,1800,0
430,3,1626.667,0,1850,0
431,3,1626.667,0,1900,0
432,3,1626.667,0,1950,0
433,3,1626.667,0,2000,0
434,3,1626.667,0,2050,0
435,3,1626.667,0,2100,0
436,3,1626.667,0,2150,0
437,3,1626.667,0,2200,0
438,3,1626.667,0,2250,0
439,3,1626.667,0,2300,0
440,3,1626.667,0,2350,0
441,3,1626.667,0,2400,0
442,3,1626.667,0,2450,0
443,3,1626.667,0,2500,0
444,3,1626.667,0,2550,0
445,3,1626.667,0,2600,0
446,3,1626.667,0,2650,0
447,3,1626.667,0,2700,0
448,3,1626.667,0,2750,0
449,3,1626.667,0,2800,0
450,3,1626.667,0,2850,0
451,3,1626.667,0,2900,0
452,3,1626.667,0,2950,0
453,3,1626.667,0,3000,0
454,3,1626.667,0,3050,0
455,3,1626.667,0,3100,0
456,3,1626.667,0,3150,0
457,3,1626.667,0,3200,0
458,3,1626.667,0,3250,0
459,3,1626.667,0,3300,0
460,3,1626.667,0,3350,0
461,3,1626.667,0,3400,0
462,3,1626.667,0,3450,0
463,3,1626.667,0,3500,0
464,3,1626.667,0,3550,0
465,3,1626.667,0,3600,0
466,3,1626.667,0,3650,0
467,3,1626.667,0,3700,0
468,3,1626.667,0,3750,0
469,3,1626.667,0,3800,0
470,3,1626.667,0,3850,0
471,3,1626.667,0,3900,0
472,3,1626.667,0,3950,0
473,3,1626.667,0,4000,0
474,3,1626.667,0,4050,0
475,3,1626.667,0,4100,0
476,3,1626.667,0,4150,0
477,3,1626.667,0,4200,0
478,3,1626.667,0,4250,0
479,3,1626.667,0,4300,0
480,3,1626.667,0,4350,0
481,3,1626.667,0,4400,0
482,3,1626.667,0,4450,0
483,3,1626.667,0,4500,0
484,3,1626.667,0,4550,0
485,3,1626.667,0,4600,0
486,3,1626.667,0,4650,0
487,3,1626.667,0,4700,0
488,3,1626.667,0,4750,0
489,3,1626.667,0,4800,0
490,3,1626.667,0,4850,0
491,3,1626.667,0,4900,0
492,3,1626.667,0,4950,0
493,3,1626.667,0,5000,0
494,3,1626.667,0,5050,0
495,3,1626.667,0,5100,0
496,3,1626.667,0,5150,0
497,3,1626.667,0,5200,0
498,3,1626.667,0,5250,0
499,3,1626.667,0,5300,0
500,3,1626.667,0,5350,0
501,3,1626.667,0,5400,0
502,3,1626.667,0,5450,0
503,3,1626.667,0,5500,0
504,3,1626.667,0,5550,0
505,3,1626.667,0,5600,0
506,3,1626.667,0,5650,0
507,3,1626.667,0,5700,0
508,3,1626.667,0,5750,0
509,3,1626.667,0,5800,0
510,3,1626.667,0,5850,0
511,3,1626.667,0,5900,0
512,3,1626.667,0,5950,0
513,3,1626.667,0,6000,0
514,3,1626.667,0,6050,0
515,3,1626.667,0,6100,0
516,3,1626.667,0,6150,0
517,3,1626.667,0,6200,0
518,3,1626.667,0,6250,0
519,3,1626.667,0,6300,0
520,3,1626.667,0,6350,0
521,3,1626.667,0,6400,0
522,3,1626.667,0,6450,0
523,3,1626.667,0,6500,0
524,3,1626.667,0,6550,0
525,3,1626.667,0,6600,0
526,3,1626.667,0,6650,0
527,3,1626.667,0,6700,0
528,3,1626.667,0,6750,0
529,3,1626.667,0,6800,0
530,3,1626.667,0,6850,0
531,3,1626.667,0,6900,0
532,3,1626.667,0,6950,0
533,3,1626.667,0,7000,0
534,3,1626.667,0,7050,0
535,3,1626.667,0,7100,0
536,3,1626.667,0,7150,0
537,3,1626.667,0,7200,0
538,3,1626.667,0,7250,0
539,3,1626.667,0,7300,0
540,3,1626.667,0,7350,0
541,3,1626.667,0,7400,0
542,3,1626.667,0,7450,0
543,3,1626.667,0,7500,0
544,3,1626.667,0,7550,0
545,3,1626.667,0,7600,0
546,3,1626.667,0,7650,0
547,3,1626.667,0,7700,0
548,3,1626.667,0,7750,0
549,3,1626.667,0,7800,0
550,3,1626.667,0,7850,0
551,3,1626.667,0,7900,0
552,3,1626.667,0,7950,0
553,3,1626.667,0,8000,0
554,3,1626.667,0,8050,0
555,3,1626.667,0,8100,0
556,3,1626.667,0,8150,0
557,3,1626.667,0,8200,0
558,3,1626.667,0,8250,0
559,3,1626.667,0,8300,0
560,3,1626.667,0,8350,0
561,3,1626.667,0,8400,0
562,3,1626.667,0,8450,0
563,3,1626.667,0,8500,0
564,3,1626.667,0,8550,0
565,3,1626.667,0,8600,0
566,3,1626.667,0,8650,0
567,3,1626.667,0,8700,0
568,3,1626.667,0,8750,0
569,3,1626.667,0,8800,0
570,3,1626.667,0,8850,0
571,3,1626.667,0,8900,0
572,3,1626.667,0,8950,0
573,3,1626.667,0,9000,0
574,3,1626.667,0,9050,0
575,3,1626.667,0,9100,0
576,3,1626.667,0,9150,0
577,3,1626.667,0,9200,0
578,3,1626.667,0,9250,0
579,3,1626.667,0,9300,0
580,3,1626.667,0,9350,0
581,3,1626.667,0,9400,0
582,3,1626.667,0,9450,0
583,3,1626.667,0,9500,0
584,3,1626.667,0,9550,0
585,3,1626.667,0,9600,0
586,3,1626.667,0,9650,0
587,3,1626.667,0,9700,0
588,3,1626.667,0,9750,0
589,3,1626.667,0,9800,0
590,3,1626.667,0,9850,0
591,3,1626.667,0,9900,0
592,4,2240,0,100,0
593,4,2240,0,150,0
594,4,2240,0,200,0
595,4,2240,0,250,0
596,4,2240,0,300,0
597,4,2240,0,350,0
598,4,2240,0,400,0
599,4,2240,0,450,0
600,4,2240,0,500,0
601,4,2240,0,550,0
602,4,2240,0,600,0
603,4,2240,0,650,0
604,4,2240,0,700,0
605,4,2240,0,750,0
606,4,2240,0,800,0
607,4,2240,0,850,0
608,4,2240,0,900,0
609,4,2240,0,950,0
610,4,2240,0,1000,0
611,4,2240,0,1050,0
612,4,2240,0,1100,0
613,4,2240,0,1150,0
614,4,2240,0,1200,0
615,4,2240,0,1250,0
616,4,2240,0,1300,0
617,4,2240,0,1350,0
618,4,2240,0,1400,0
619,4,2240,0,1450,0
620,4,2240,0,1500,0
621,4,2240,0,1550,0
622,4,2240,0,1600,0
623,4,2240,0,1650,0
624,4,2240,0,1700,0
625,4,2240,0,1750,0
626,4,2240,0,1800,0
627,4,2240,0,1850,0
628,4,2240,0,1900,0
629,4,2240,0,1950,0
630,4,2240,0,2000,0
631,4,2240,0,2050,0
632,4,2240,0,2100,0
633,4,2240,0,2150,0
634,4,2240,0,2200,0
635,4,2240,0,2250,0
636,4,2240,0,2300,0
637,4,2240,0,2350,0
638,4,2240,0,2400,0
639,4,2240,0,2450,0
640,4,2240,0,2500,0
641,4,2240,0,2550,0
642,4,2240,0,2600,0
643,4,2240,0,2650,0
644,4,2240,0,2700,0
645,4,2240,0,2750,0
646,4,2240,0,2800,0
647,4,2240,0,2850,0
648,4,2240,0,2900,0
649,4,2240,0,2950,0
650,4,2240,0,3000,0
651,4,2240,0,3050,0
652,4,2240,0,3100,0
653,4,2240,0,3150,0
654,4,2240,0,3200,0
655,4,2240,0,3250,0
656,4,2240,0,3300,0
657,4,2240,0,3350,0
658,4,2240,0,3400,0
659,4,2240,0,3450,0
660,4,2240,0,3500,0
661,4,2240,0,3550,0
662,4,2240,0,3600,0
663,4,2240,0,3650,0
664,4,2240,0,3700,0
665,4,2240,0,3750,0
666,4,2240,0,3800,0
667,4,2240,0,3850,0
668,4,2240,0,3900,0
669,4,2240,0,3950,0
670,4,2240,0,4000,0
671,4,2240,0,4050,0
672,4,2240,0,4100,0
673,4,2240,0,4150,0
674,4,2240,0,4200,0
675,4,2240,0,4250,0
676,4,2240,0,4300,0
677,4,2240,0,4350,0
678,4,2240,0,4400,0
679,4,2240,0,4450,0
680,4,2240,0,4500,0
681,4,2240,0,4550,0
682,4,2240,0,4600,0
683,4,2240,0,4650,0
684,4,2240,0,4700,0
685,4,2240,0,4750,0
686,4,2240,0,4800,0
687,4,2240,0,4850,0
688,4,2240,0,4900,0
689,4,2240,0,4950,0
690,4,2240,0,5000,0
691,4,2240,0,5050,0
692,4,2240,0,5100,0
693,4,2240,0,5150,0
694,4,2240,0,5200,0
695,4,2240,0,5250,0
696,4,2240,0,5300,0
697,4,2240,0,5350,0
698,4,2240,0,5400,0
699,4,2240,0,5450,0
700,4,2240,0,5500,0
701,4,2240,0,5550,0
702,4,2240,0,5600,0
703,4,2240,0,5650,0
704,4,2240,0,5700,0
705,4,2240,0,5750,0
706,4,2240,0,5800,0
707,4,2240,0,5850,0
708,4,2240,0,5900,0
709,4,2240,0,5950,0
710,4,2240,0,6000,0
711,4,2240,0,6050,0
712,4,2240,0,6100,0
713,4,2240,0,6150,0
714,4,2240,0,6200,0
715,4,2240,0,6250,0
716,4,2240,0,6300,0
717,4,2240,0,6350,0
718,4,2240,0,6400,0
719,4,2240,0,6450,0
720,4,2240,0,6500,0
721,4,2240,0,6550,0
722,4,2240,0,6600,0
723,4,2240,0,6650,0
724,4,2240,0,6700,0
725,4,2240,0,6750,0
726,4,2240,0,6800,0
727,4,2240,0,6850,0
728,4,2240,0,6900,0
729,4,2240,0,6950,0
730,4,2240,0,7000,0
731,4,2240,0,7050,0
732,4,2240,0,7100,0
733,4,2240,0,7150,0
734,4,2240,0,7200,0
735,4,2240,0,7250,0
736,4,2240,0,7300,0
737,4,2240,0,7350,0
738,4,2240,0,7400,0
739,4,2240,0,7450,0
740,4,2240,0,7500,0
741,4,2240,0,7550,0
742,4,2240,0,7600,0
743,4,2240,0,7650,0
744,4,2240,0,7700,0
745,4,2240,0,7750,0
746,4,2240,0,7800,0
747,4,2240,0,7850,0
748,4,2240,0,7900,0
749,4,2240,0,7950,0
750,4,2240,0,8000,0
751,4,2240,0,8050,0
752,4,2240,0,8100,0
753,4,2240,0,8150,0
754,4,2240,0,8200,0
755,4,2240,0,8250,0
756,4,2240,0,8300,0
757,4,2240,0,8350,0
758,4,2240,0,8400,0
759,4,2240,0,8450,0
760,4,2240,0,8500,0
761,4,2240,0,8550,0
762,4,2240,0,8600,0
763,4,2240,0,8650,0
764,4,2240,0,8700,0
765,4,2240,0,8750,0
766,4,2240,0,8800,0
767,4,2240,0,8850,0
768,4,2240,0,8900,0
769,4,2240,0,8950,0
770,4,2240,0,9000,0
771,4,2240,0,9050,0
772,4,2240,0,9100,0
773,4,2240,0,9150,0
774,4,2240,0,9200,0
775,4,2240,0,9250,0
776,4,2240,0,9300,0
777,4,2240,0,9350,0
778,4,2240,0,9400,0
779,4,2240,0,9450,0
780,4,2240,0,9500,0
781,4,2240,0,9550,0
782,4,2240,0,9600,0
783,4,2240,0,9650,0
784,4,2240,0,9700,0
785,4,2240,0,9750,0
786,4,2240,0,9800,0
787,4,2240,0,9850,0
788,4,2240,0,9900,0
789,5,2853.333,0,100,0
790,5,2853.333,0,150,0
791,5,2853.333,0,200,0
792,5,2853.333,0,250,0
793,5,2853.333,0,300,0
794,5,2853.333,0,350,0
795,5,2853.333,0,400,0
796,5,2853.333,0,450,0
797,5,2853.333,0,500,0
798,5,2853.333,0,550,0
799,5,2853.333,0,600,0
800,5,2853.333,0,650,0
801,5,2853.333,0,700,0
802,5,2853.333,0,750,0
803,5,2853.333,0,800,0
804,5,2853.333,0,850,0
805,5,2853.333,0,900,0
806,5,2853.333,0,950,0
807,5,2853.333,0,1000,0
808,5,2853.333,0,1050,0
809,5,2853.333,0,1100,0
810,5,2853.333,0,1150,0
811,5,2853.333,0,1200,0
812,5,2853.333,0,1250,0
813,5,2853.333,0,1300,0
814,5,2853.333,0,1350,0
815,5,2853.333,0,1400,0
816,5,2853.333,0,1450,0
817,5,2853.333,0,1500,0
818,5,2853.333,0,1550,0
819,5,2853.333,0,1600,0
820,5,2853.333,0,1650,0
821,5,2853.333,0,1700,0
822,5,2853.333,0,1750,0
823,5,2853.333,0,1800,0
824,5,2853.333,0,1850,0
825,5,2853.333,0,1900,0
826,5,2853.333,0,1950,0
827,5,2853.333,0,2000,0
828,5,2853.333,0,2050,0
829,5,2853.333,0,2100,0
830,5,2853.333,0,2150,0
831,5,2853.333,0,2200,0
832,5,2853.333,0,2250,0
833,5,2853.333,0,2300,0
834,5,2853.333,0,2350,0
835,5,2853.333,0,2400,0
836,5,2853.333,0,2450,0
837,5,2853.333,0,2500,0
838,5,2853.333,0,2550,0
839,5,2853.333,0,2600,0
840,5,2853.333,0,2650,0
841,5,2853.333,0,2700,0
842,5,2853.333,0,2750,0
843,5,2853.333,0,2800,0
844,5,2853.333,0,2850,0
845,5,2853.333,0,2900,0
846,5,2853.333,0,2950,0
847,5,2853.333,0,3000,0
848,5,2853.333,0,3050,0
849,5,2853.333,0,3100,0
850,5,2853.333,0,3150,0
851,5,2853.333,0,3200,0
852,5,2853.333,0,3250,0
853,5,2853.333,0,3300,0
854,5,2853.333,0,3350,0
855,5,2853.333,0,3400,0
856,5,2853.333,0,3450,0
857,5,2853.333,0,3500,0
858,5,2853.333,0,3550,0
859,5,2853.333,0,3600,0
860,5,2853.333,0,3650,0
861,5,2853.333,0,3700,0
862,5,2853.333,0,3750,0
863,5,2853.333,0,3800,0
864,5,2853.333,0,3850,0
865,5,2853.333,0,3900,0
866,5,2853.333,0,3950,0
867,5,2853.333,0,4000,0
868,5,2853.333,0,4050,0
869,5,2853.333,0,4100,0
870,5,2853.333,0,4150,0
871,5,2853.333,0,4200,0
872,5,2853.333,0,4250,0
873,5,2853.333,0,4300,0
874,5,2853.333,0,4350,0
875,5,2853.333,0,4400,0
876,5,2853.333,0,4450,0
877,5,2853.333,0,4500,0
878,5,2853.333,0,4550,0
879,5,2853.333,0,4600,0
880,5,2853.333,0,4650,0
881,5,2853.333,0,4700,0
882,5,2853.333,0,4750,0
883,5,2853.333,0,4800,0
884,5,2853.333,0,4850,0
885,5,2853.333,0,4900,0
886,5,2853.333,0,4950,0
887,5,2853.333,0,5000,0
888,5,2853.333,0,5050,0
889,5,2853.333,0,5100,0
890,5,2853.333,0,5150,0
891,5,2853.333,0,5200,0
892,5,2853.333,0,5250,0
893,5,2853.333,0,5300,0
894,5,2853.333,0,5350,0
895,5,2853.333,0,5400,0
896,5,2853.333,0,5450,0
897,5,2853.333,0,5500,0
898,5,2853.333,0,5550,0
899,5,2853.333,0,5600,0
900,5,2853.333,0,5650,0
901,5,2853.333,0,5700,0
902,5,2853.333,0,5750,0
903,5,2853.333,0,5800,0
904,5,2853.333,0,5850,0
905,5,2853.333,0,5900,0
906,5,2853.333,0,5950,0
907,5,2853.333,0,6000,0
908,5,2853.333,0,6050,0
909,5,2853.333,0,6100,0
910,5,2853.333,0,6150,0
911,5,2853.333,0,6200,0
912,5,2853.333,0,6250,0
913,5,2853.333,0,6300,0
914,5,2853.333,0,6350,0
915,5,2853.333,0,6400,0
916,5,2853.333,0,6450,0
917,5,2853.333,0,6500,0
918,5,2853.333,0,6550,0
919,5,2853.333,0,6600,0
920,5,2853.333,0,6650,0
921,5,2853.333,0,6700,0
922,5,2853.333,0,6750,0
923,5,2853.333,0,6800,0
924,5,2853.333,0,6850,0
925,5,2853.333,0,6900,0
926,5,2853.333,0,6950,0
927,5,2853.333,0,7000,0
928,5,2853.333,0,7050,0
929,5,2853.333,0,7100,0
930,5,2853.333,0,7150,0
931,5,2853.333,0,7200,0
932,5,2853.333,0,7250,0
933,5,2853.333,0,7300,0
934,5,2853.333,0,7350,0
935,5,2853.333,0,7400,0
936,5,2853.333,0,7450,0
937,5,2853.333,0,7500,0
938,5,2853.333,0,7550,0
939,5,2853.333,0,7600,0
940,5,2853.333,0,7650,0
941,5,2853.333,0,7700,0
942,5,2853.333,0,7750,0
943,5,2853.333,0,7800,0
944,5,2853.333,0,7850,0
945,5,2853.333,0,7900,0
946,5,2853.333,0,7950,0
947,5,2853.333,0,8000,0
948,5,2853.333,0,8050,0
949,5,2853.333,0,8100,0
950,5,2853.333,0,8150,0
951,5,2853.333,0,8200,0
952,5,2853.333,0,8250,0
953,5,2853.333,0,8300,0
954,5,2853.333,0,8350,0
955,5,2853.333,0,8400,0
956,5,2853.333,0,8450,0
957,5,2853.333,0,8500,0
958,5,2853.333,0,8550,0
959,5,2853.333,0,8600,0
960,5,2853.333,0,8650,0
961,5,2853.333,0,8700,0
962,5,2853.333,0,8750,0
963,5,2853.333,0,8800,0
964,5,2853.333,0,8850,0
965,5,2853.333,0,8900,0
966,5,2853.333,0,8950,0
967,5,2853.333,0,9000,0
968,5,2853.333,0,9050,0
969,5,2853.333,0,9100,0
970,5,2853.333,0,9150,0
971,5,2853.333,0,9200,0
972,5,2853.333,0,9250,0
973,5,2853.333,0,9300,0
974,5,2853.333,0,9350,0
975,5,2853.333,0,9400,0
976,5,2853.333,0,9450,0
977,5,2853.333,0,9500,0
978,5,2853.333,0,9550,0
979,5,2853.333,0,9600,0
980,5,2853.333,0,9650,0
981,5,2853.333,0,9700,0
982,5,2853.333,0,9750,0
983,5,2853.333,0,9800,0
984,5,2853.333,0,9850,0
985,5,2853.333,0,9900,0
986,6,3466.666,0,100,0
987,6,3466.666,0,150,0
988,6,3466.666,0,200,0
989,6,3466.666,0,250,0
990,6,3466.666,0,300,0
991,6,3466.666,0,350,0
992,6,3466.666,0,400,0
993,6,3466.666,0,450,0
994,6,3466.666,0,500,0
995,6,3466.666,0,550,0
996,6,3466.666,0,600,0
997,6,3466.666,0,650,0
998,6,3466.666,0,700,0
999,6,3466.666,0,750,0
1000,6,3466.666,0,800,0
1001,6,3466.666,0,850,0
1002,6,3466.666,0,900,0
1003,6,3466.666,0,950,0
1004,6,3466.666,0,1000,0
1005,6,3466.666,0,1050,0
1006,6,3466.666,0,1100,0
1007,6,3466.666,0,1150,0
1008,6,3466.666,0,1200,0
1009,6,3466.666,0,1250,0
1010,6,3466.666,0,1300,0
1011,6,3466.666,0,1350,0
1012,6,3466.666,0,1400,0
1013,6,3466.666,0,1450,0
1014,6,3466.666,0,1500,0
1015,6,3466.666,0,1550,0
1016,6,3466.666,0,1600,0
1017,6,3466.666,0,1650,0
1018,6,3466.666,0,1700,0
1019,6,3466.666,0,1750,0
1020,6,3466.666,0,1800,0
1021,6,3466.666,0,1850,0
1022,6,3466.666,0,1900,0
1023,6,3466.666,0,1950,0
1024,6,3466.666,0,2000,0
1025,6,3466.666,0,2050,0
1026,6,3466.666,0,2100,0
1027,6,3466.666,0,2150,0
1028,6,3466.666,0,2200,0
1029,6,3466.666,0,2250,0
1030,6,3466.666,0,2300,0
1031,6,3466.666,0,2350,0
1032,6,3466.666,0,2400,0
1033,6,3466.666,0,2450,0
1034,6,3466.666,0,2500,0
1035,6,3466.666,0,2550,0
1036,6,3466.666,0,2600,0
1037,6,3466.666,0,2650,0
1038,6,3466.666,0,2700,0
1039,6,3466.666,0,2750,0
1040,6,3466.666,0,2800,0
1041,6,3466.666,0,2850,0
1042,6,3466.666,0,2900,0
1043,6,3466.666,0,2950,0
1044,6,3466.666,0,3000,0
1045,6,3466.666,0,3050,0
1046,6,3466.666,0,3100,0
1047,6,3466.666,0,3150,0
1048,6,3466.666,0,3200,0
1049,6,3466.666,0,3250,0
1050,6,3466.666,0,3300,0
1051,6,3466.666,0,3350,0
1052,6,3466.666,0,3400,0
1053,6,3466.666,0,3450,0
1054,6,3466.666,0,3500,0
1055,6,3466.666,0,3550,0
1056,6,3466.666,0,3600,0
1057,6,3466.666,0,3650,0
1058,6,3466.666,0,3700,0
1059,6,3466.666,0,3750,0
1060,6,3466.666,0,3800,0
1061,6,3466.666,0,3850,0
1062,6,3466.666,0,3900,0
1063,6,3466.666,0,3950,0
1064,6,3466.666,0,4000,0
1065,6,3466.666,0,4050,0
1066,6,3466.666,0,4100,0
1067,6,3466.666,0,4150,0
1068,6,3466.666,0,4200,0
1069,6,3466.666,0,4250,0
1070,6,3466.666,0,4300,0
1071,6,3466.666,0,4350,0
1072,6,3466.666,0,4400,0
1073,6,3466.666,0,4450,0
1074,6,3466.666,0,4500,0
1075,6,3466.666,0,4550,0
1076,6,3466.666,0,4600,0
1077,6,3466.666,0,4650,0
1078,6,3466.666,0,4700,0
1079,6,3466.666,0,4750,0
1080,6,3466.666,0,4800,0
1081,6,3466.666,0,4850,0
1082,6,3466.666,0,4900,0
1083,6,3466.666,0,4950,0
1084,6,3466.666,0,5000,0
1085,6,3466.666,0,5050,0
1086,6,3466.666,0,5100,0
1087,6,3466.666,0,5150,0
1088,6,3466.666,0,5200,0
1089,6,3466.666,0,5250,0
1090,6,3466.666,0,5300,0
1091,6,3466.666,0,5350,0
1092,6,3466.666,0,5400,0
1093,6,3466.666,0,5450,0
1094,6,3466.666,0,5500,0
1095,6,3466.666,0,5550,0
1096,6,3466.666,0,5600,0
1097,6,3466.666,0,5650,0
1098,6,3466.666,0,5700,0
1099,6,3466.666,0,5750,0
1100,6,3466.666,0,5800,0
1101,6,3466.666,0,5850,0
1102,6,3466.666,0,5900,0
1103,6,3466.666,0,5950,0
1104,6,3466.666,0,6000,0
1105,6,3466.666,0,6050,0
1106,6,3466.666,0,6100,0
1107,6,3466.666,0,6150,0
1108,6,3466.666,0,6200,0
1109,6,3466.666,0,6250,0
1110,6,3466.666,0,6300,0
1111,6,3466.666,0,6350,0
1112,6,3466.666,0,6400,0
1113,6,3466.666,0,6450,0
1114,6,3466.666,0,6500,0
1115,6,3466.666,0,6550,0
1116,6,3466.666,0,6600,0
1117,6,3466.666,0,6650,0
1118,6,3466.666,0,6700,0
1119,6,3466.666,0,6750,0
1120,6,3466.666,0,6800,0
1121,6,3466.666,0,6850,0
1122,6,3466.666,0,6900,0
1123,6,3466.666,0,6950,0
1124,6,3466.666,0,7000,0
1125,6,3466.666,0,7050,0
1126,6,3466.666,0,7100,0
1127,6,3466.666,0,7150,0
1128,6,3466.666,0,7200,0
1129,6,3466.666,0,7250,0
1130,6,3466.666,0,7300,0
1131,6,3466.666,0,7350,0
1132,6,3466.666,0,7400,0
1133,6,3466.666,0,7450,0
1134,6,3466.666,0,7500,0
1135,6,3466.666,0,7550,0
1136,6,3466.666,0,7600,0
1137,6,3466.666,0,7650,0
1138,6,3466.666,0,7700,0
1139,6,3466.666,0,7750,0
1140,6,3466.666,0,7800,0
1141,6,3466.666,0,7850,0
1142,6,3466.666,0,7900,0
1143,6,3466.666,0,7950,0
1144,6,3466.666,0,8000,0
1145,6,3466.666,0,8050,0
1146,6,3466.666,0,8100,0
1147,6,3466.666,0,8150,0
1148,6,3466.666,0,8200,0
1149,6,3466.666,0,8250,0
1150,6,3466.666,0,8300,0
1151,6,3466.666,0,8350,0
1152,6,3466.666,0,8400,0
1153,6,3466.666,0,8450,0
1154,6,3466.666,0,8500,0
1155,6,3466.666,0,8550,0
1156,6,3466.666,0,8600,0
1157,6,3466.666,0,8650,0
1158,6,3466.666,0,8700,0
1159,6,3466.666,0,8750,0
1160,6,3466.666,0,8800,0
1161,6,3466.666,0,8850,0
1162,6,3466.666,0,8900,0
1163,6,3466.666,0,8950,0
1164,6,3466.666,0,9000,0
1165,6,3466.666,0,9050,0
1166,6,3466.666,0,9100,0
1167,6,3466.666,0,9150,0
1168,6,3466.666,0,9200,0
1169,6,3466.666,0,9250,0
1170,6,3466.666,0,9300,0
1171,6,3466.666,0,9350,0
1172,6,3466.666,0,9400,0
1173,6,3466.666,0,9450,0
1174,6,3466.666,0,9500,0
1175,6,3466.666,0,9550,0
1176,6,3466.666,0,9600,0
1177,6,3466.666,0,9650,0
1178,6,3466.666,0,9700,0
1179,6,3466.666,0,9750,0
1180,6,3466.666,0,9800,0
1181,6,3466.666,0,9850,0
1182,6,3466.666,0,9900,0
1183,7,4080,0,100,0
1184,7,4080,0,150,0
1185,7,4080,0,200,0
1186,7,4080,0,250,0
1187,7,4080,0,300,0
1188,7,4080,0,350,0
1189,7,4080,0,400,0
1190,7,4080,0,450,0
1191,7,4080,0,500,0
1192,7,4080,0,550,0
1193,7,4080,0,600,0
1194,7,4080,0,650,0
1195,7,4080,0,700,0
1196,7,4080,0,750,0
1197,7,4080,0,800,0
1198,7,4080,0,850,0
1199,7,4080,0,900,0
1200,7,4080,0,950,0
1201,7,4080,0,1000,0
1202,7,4080,0,1050,0
1203,7,4080,0,1100,0
1204,7,4080,0,1150,0
1205,7,4080,0,1200,0
1206,7,4080,0,1250,0
1207,7,4080,0,1300,0
1208,7,4080,0,1350,0
1209,7,4080,0,1400,0
1210,7,4080,0,1450,0
1211,7,4080,0,1500,0
1212,7,4080,0,1550,0
1213,7,4080,0,1600,0
1214,7,4080,0,1650,0
1215,7,4080,0,1700,0
1216,7,4080,0,1750,0
1217,7,4080,0,1800,0
1218,7,4080,0,1850,0
1219,7,4080,0,1900,0
1220,7,4080,0,1950,0
1221,7,4080,0,2000,0
1222,7,4080,0,2050,0
1223,7,4080,0,2100,0
1224,7,4080,0,2150,0
1225,7,4080,0,2200,0
1226,7,4080,0,2250,0
1227,7,4080,0,2300,0
1228,7,4080,0,2350,0
1229,7,4080,0,2400,0
1230,7,4080,0,2450,0
1231,7,4080,0,2500,0
1232,7,4080,0,2550,0
1233,7,4080,0,2600,0
1234,7,4080,0,2650,0
1235,7,4080,0,2700,0
1236,7,4080,0,2750,0
1237,7,4080,0,2800,0
1238,7,4080,0,2850,0
1239,7,4080,0,2900,0
1240,7,4080,0,2950,0
1241,7,4080,0,3000,0
1242,7,4080,0,3050,0
1243,7,4080,0,3100,0
1244,7,4080,0,3150,0
1245,7,4080,0,3200,0
1246,7,4080,0,3250,0
1247,7,4080,0,3300,0
1248,7,4080,0,3350,0
1249,7,4080,0,3400,0
1250,7,4080,0,3450,0
1251,7,4080,0,3500,0
1252,7,4080,0,3550,0
1253,7,4080,0,3600,0
1254,7,4080,0,3650,0
1255,7,4080,0,3700,0
1256,7,4080,0,3750,0
1257,7,4080,0,3800,0
1258,7,4080,0,3850,0
1259,7,4080,0,3900,0
1260,7,4080,0,3950,0
1261,7,4080,0,4000,0
1262,7,4080,0,4050,0
1263,7,4080,0,4100,0
1264,7,4080,0,4150,0
1265,7,4080,0,4200,0
1266,7,4080,0,4250,0
1267,7,4080,0,4300,0
1268,7,4080,0,4350,0
1269,7,4080,0,4400,0
1270,7,4080,0,4450,0
1271,7,4080,0,4500,0
1272,7,4080,0,4550,0
1273,7,4080,0,4600,0
1274,7,4080,0,4650,0
1275,7,4080,0,4700,0
1276,7,4080,0,4750,0
1277,7,4080,0,4800,0
1278,7,4080,0,4850,0
1279,7,4080,0,4900,0
1280,7,4080,0,4950,0
1281,7,4080,0,5000,0
1282,7,4080,0,5050,0
1283,7,4080,0,5100,0
1284,7,4080,0,5150,0
1285,7,4080,0,5200,0
1286,7,4080,0,5250,0
1287,7,4080,0,5300,0
1288,7,4080,0,5350,0
1289,7,4080,0,5400,0
1290,7,4080,0,5450,0
1291,7,4080,0,5500,0
1292,7,4080,0,5550,0
1293,7,4080,0,5600,0
1294,7,4080,0,5650,0
1295,7,4080,0,5700,0
1296,7,4080,0,5750,0
1297,7,4080,0,5800,0
1298,7,4080,0,5850,0
1299,7,4080,0,5900,0
1300,7,4080,0,5950,0
1301,7,4080,0,6000,0
1302,7,4080,0,6050,0
1303,7,4080,0,6100,0
1304,7,4080,0,6150,0
1305,7,4080,0,6200,0
1306,7,4080,0,6250,0
1307,7,4080,0,6300,0
1308,7,4080,0,6350,0
1309,7,4080,0,6400,0
1310,7,4080,0,6450,0
1311,7,4080,0,6500,0
1312,7,4080,0,6550,0
1313,7,4080,0,6600,0
1314,7,4080,0,6650,0
1315,7,4080,0,6700,0
1316,7,4080,0,6750,0
1317,7,4080,0,6800,0
1318,7,4080,0,6850,0
1319,7,4080,0,6900,0
1320,7,4080,0,6950,0
1321,7,4080,0,7000,0
1322,7,4080,0,7050,0
1323,7,4080,0,7100,0
1324,7,4080,0,7150,0
1325,7,4080,0,7200,0
1326,7,4080,0,7250,0
1327,7,4080,0,7300,0
1328,7,4080,0,7350,0
1329,7,4080,0,7400,0
1330,7,4080,0,7450,0
1331,7,4080,0,7500,0
1332,7,4080,0,7550,0
1333,7,4080,0,7600,0
1334,7,4080,0,7650,0
1335,7,4080,0,7700,0
1336,7,4080,0,7750,0
1337,7,4080,0,7800,0
1338,7,4080,0,7850,0
1339,7,4080,0,7900,0
1340,7,4080,0,7950,0
1341,7,4080,0,8000,0
1342,7,4080,0,8050,0
1343,7,4080,0,8100,0
1344,7,4080,0,8150,0
1345,7,4080,0,8200,0
1346,7,4080,0,8250,0
1347,7,4080,0,8300,0
1348,7,4080,0,8350,0
1349,7,4080,0,8400,0
1350,7,4080,0,8450,0
1351,7,4080,0,8500,0
1352,7,4080,0,8550,0
1353,7,4080,0,8600,0
1354,7,4080,0,8650,0
1355,7,4080,0,8700,0
1356,7,4080,0,8750,0
1357,7,4080,0,8800,0
1358,7,4080,0,8850,0
1359,7,4080,0,8900,0
1360,7,4080,0,8950,0
1361,7,4080,0,9000,0
1362,7,4080,0,9050,0
1363,7,4080,0,9100,0
1364,7,4080,0,9150,0
1365,7,4080,0,9200,0
1366,7,4080,0,9250,0
1367,7,4080,0,9300,0
1368,7,4080,0,9350,0
1369,7,4080,0,9400,0
1370,7,4080,0,9450,0
1371,7,4080,0,9500,0
1372,7,4080,0,9550,0
1373,7,4080,0,9600,0
1374,7,4080,0,9650,0
1375,7,4080,0,9700,0
1376,7,4080,0,9750,0
1377,7,4080,0,9800,0
1378,7,4080,0,9850,0
1379,7,4080,0,9900,0
1380,8,4693.334,0,100,0
1381,8,4693.334,0,150,0
1382,8,4693.334,0,200,0
1383,8,4693.334,0,250,0
1384,8,4693.334,0,300,0
1385,8,4693.334,0,350,0
1386,8,4693.334,0,400,0
1387,8,4693.334,0,450,0
1388,8,4693.334,0,500,0
1389,8,4693.334,0,550,0
1390,8,4693.334,0,600,0
1391,8,4693.334,0,650,0
1392,8,4693.334,0,700,0
1393,8,4693.334,0,750,0
1394,8,4693.334,0,800,0
1395,8,4693.334,0,850,0
1396,8,4693.334,0,900,0
1397,8,4693.334,0,950,0
1398,8,4693.334,0,1000,0
1399,8,4693.334,0,1050,0
1400,8,4693.334,0,1100,0
1401,8,4693.334,0,1150,0
1402,8,4693.334,0,1200,0
1403,8,4693.334,0,1250,0
1404,8,4693.334,0,1300,0
1405,8,4693.334,0,1350,0
1406,8,4693.334,0,1400,0
1407,8,4693.334,0,1450,0
1408,8,4693.334,0,1500,0
1409,8,4693.334,0,1550,0
1410,8,4693.334,0,1600,0
1411,8,4693.334,0,1650,0
1412,8,4693.334,0,1700,0
1413,8,4693.334,0,1750,0
1414,8,4693.334,0,1800,0
1415,8,4693.334,0,1850,0
1416,8,4693.334,0,1900,0
1417,8,4693.334,0,1950,0
1418,8,4693.334,0,2000,0
1419,8,4693.334,0,2050,0
1420,8,4693.334,0,2100,0
1421,8,4693.334,0,2150,0
1422,8,4693.334,0,2200,0
1423,8,4693.334,0,2250,0
1424,8,4693.334,0,2300,0
1425,8,4693.334,0,2350,0
1426,8,4693.334,0,2400,0
1427,8,4693.334,0,2450,0
1428,8,4693.334,0,2500,0
1429,8,4693.334,0,2550,0
1430,8,4693.334,0,2600,0
1431,8,4693.334,0,2650,0
1432,8,4693.334,0,2700,0
1433,8,4693.334,0,2750,0
1434,8,4693.334,0,2800,0
1435,8,4693.334,0,2850,0
1436,8,4693.334,0,2900,0
1437,8,4693.334,0,2950,0
1438,8,4693.334,0,3000,0
1439,8,4693.334,0,3050,0
1440,8,4693.334,0,3100,0
1441,8,4693.334,0,3150,0
1442,8,4693.334,0,3200,0
1443,8,4693.334,0,3250,0
1444,8,4693.334,0,3300,0
1445,8,4693.334,0,3350,0
1446,8,4693.334,0,3400,0
1447,8,4693.334,0,3450,0
1448,8,4693.334,0,3500,0
1449,8,4693.334,0,3550,0
1450,8,4693.334,0,3600,0
1451,8,4693.334,0,3650,0
1452,8,4693.334,0,3700,0
1453,8,4693.334,0,3750,0
1454,8,4693.334,0,3800,0
1455,8,4693.334,0,3850,0
1456,8,4693.334,0,3900,0
1457,8,4693.334,0,3950,0
1458,8,4693.334,0,4000,0
1459,8,4693.334,0,4050,0
1460,8,4693.334,0,4100,0
1461,8,4693.334,0,4150,0
1462,8,4693.334,0,4200,0
1463,8,4693.334,0,4250,0
1464,8,4693.334,0,4300,0
1465,8,4693.334,0,4350,0
1466,8,4693.334,0,4400,0
1467,8,4693.334,0,4450,0
1468,8,4693.334,0,4500,0
1469,8,4693.334,0,4550,0
1470,8,4693.334,0,4600,0
1471,8,4693.334,0,4650,0
1472,8,4693.334,0,4700,0
1473,8,4693.334,0,4750,0
1474,8,4693.334,0,4800,0
1475,8,4693.334,0,4850,0
1476,8,4693.334,0,4900,0
1477,8,4693.334,0,4950,0
1478,8,4693.334,0,5000,0
1479,8,4693.334,0,5050,0
1480,8,4693.334,0,5100,0
1481,8,4693.334,0,5150,0
1482,8,4693.334,0,5200,0
1483,8,4693.334,0,5250,0
1484,8,4693.334,0,5300,0
1485,8,4693.334,0,5350,0
1486,8,4693.334,0,5400,0
1487,8,4693.334,0,5450,0
1488,8,4693.334,0,5500,0
1489,8,4693.334,0,5550,0
1490,8,4693.334,0,5600,0
1491,8,4693.334,0,5650,0
1492,8,4693.334,0,5700,0
1493,8,4693.334,0,5750,0
1494,8,4693.334,0,5800,0
1495,8,4693.334,0,5850,0
1496,8,4693.334,0,5900,0
1497,8,4693.334,0,5950,0
1498,8,4693.334,0,6000,0
1499,8,4693.334,0,6050,0
1500,8,4693.334,0,6100,0
1501,8,4693.334,0,6150,0
1502,8,4693.334,0,6200,0
1503,8,4693.334,0,6250,0
1504,8,4693.334,0,6300,0
1505,8,4693.334,0,6350,0
1506,8,4693.334,0,6400,0
1507,8,4693.334,0,6450,0
1508,8,4693.334,0,6500,0
1509,8,4693.334,0,6550,0
1510,8,4693.334,0,6600,0
1511,8,4693.334,0,6650,0
1512,8,4693.334,0,6700,0
1513,8,4693.334,0,6750,0
1514,8,4693.334,0,6800,0
1515,8,4693.334,0,6850,0
1516,8,4693.334,0,6900,0
1517,8,4693.334,0,6950,0
1518,8,4693.334,0,7000,0
1519,8,4693.334,0,7050,0
1520,8,4693.334,0,7100,0
1521,8,4693.334,0,7150,0
1522,8,4693.334,0,7200,0
1523,8,4693.334,0,7250,0
1524,8,4693.334,0,7300,0
1525,8,4693.334,0,7350,0
1526,8,4693.334,0,7400,0
1527,8,4693.334,0,7450,0
1528,8,4693.334,0,7500,0
1529,8,4693.334,0,7550,0
1530,8,4693.334,0,7600,0
1531,8,4693.334,0,7650,0
1532,8,4693.334,0,7700,0
1533,8,4693.334,0,7750,0
1534,8,4693.334,0,7800,0
1535,8,4693.334,0,7850,0
1536,8,4693.334,0,7900,0
1537,8,4693.334,0,7950,0
1538,8,4693.334,0,8000,0
1539,8,4693.334,0,8050,0
1540,8,4693.334,0,8100,0
1541,8,4693.334,0,8150,0
1542,8,4693.334,0,8200,0
1543,8,4693.334,0,8250,0
1544,8,4693.334,0,8300,0
1545,8,4693.334,0,8350,0
1546,8,4693.334,0,8400,0
1547,8,4693.334,0,8450,0
1548,8,4693.334,0,8500,0
1549,8,4693.334,0,8550,0
1550,8,4693.334,0,8600,0
1551,8,4693.334,0,8650,0
1552,8,4693.334,0,8700,0
1553,8,4693.334,0,8750,0
1554,8,4693.334,0,8800,0
1555,8,4693.334,0,8850,0
1556,8,4693.334,0,8900,0
1557,8,4693.334,0,8950,0
1558,8,4693.334,0,9000,0
1559,8,4693.334,0,9050,0
1560,8,4693.334,0,9100,0
1561,8,4693.334,0,9150,0
1562,8,4693.334,0,9200,0
1563,8,4693.334,0,9250,0
1564,8,4693.334,0,9300,0
1565,8,4693.334,0,9350,0
1566,8,4693.334,0,9400,0
1567,8,4693.334,0,9450,0
1568,8,4693.334,0,9500,0
1569,8,4693.334,0,9550,0
1570,8,4693.334,0,9600,0
1571,8,4693.334,0,9650,0
1572,8,4693.334,0,9700,0
1573,8,4693.334,0,9750,0
1574,8,4693.334,0,9800,0
1575,8,4693.334,0,9850,0
1576,8,4693.334,0,9900,0
1577,9,5306.666,0,100,0
1578,9,5306.666,0,150,0
1579,9,5306.666,0,200,0
1580,9,5306.666,0,250,0
1581,9,5306.666,0,300,0
1582,9,5306.666,0,350,0
1583,9,5306.666,0,400,0
1584,9,5306.666,0,450,0
1585,9,5306.666,0,500,0
1586,9,5306.666,0,550,0
1587,9,5306.666,0,600,0
1588,9,5306.666,0,650,0
1589,9,5306.666,0,700,0
1590,9,5306.666,0,750,0
1591,9,5306.666,0,800,0
1592,9,5306.666,0,850,0
1593,9,5306.666,0,900,0
1594,9,5306.666,0,950,0
1595,9,5306.666,0,1000,0
1596,9,5306.666,0,1050,0
1597,9,5306.666,0,1100,0
1598,9,5306.666,0,1150,0
1599,9,5306.666,0,1200,0
1600,9,5306.666,0,1250,0
1601,9,5306.666,0,1300,0
1602,9,5306.666,0,1350,0
1603,9,5306.666,0,1400,0
1604,9,5306.666,0,1450,0
1605,9,5306.666,0,1500,0
1606,9,5306.666,0,1550,0
1607,9,5306.666,0,1600,0
1608,9,5306.666,0,1650,0
1609,9,5306.666,0,1700,0
1610,9,5306.666,0,1750,0
1611,9,5306.666,0,1800,0
1612,9,5306.666,0,1850,0
1613,9,5306.666,0,1900,0
1614,9,5306.666,0,1950,0
1615,9,5306.666,0,2000,0
1616,9,5306.666,0,2050,0
1617,9,5306.666,0,2100,0
1618,9,5306.666,0,2150,0
1619,9,5306.666,0,2200,0
1620,9,5306.666,0,2250,0
1621,9,5306.666,0,2300,0
1622,9,5306.666,0,2350,0
1623,9,5306.666,0,2400,0
1624,9,5306.666,0,2450,0
1625,9,5306.666,0,2500,0
1626,9,5306.666,0,2550,0
1627,9,5306.666,0,2600,0
1628,9,5306.666,0,2650,0
1629,9,5306.666,0,2700,0
1630,9,5306.666,0,2750,0
1631,9,5306.666,0,2800,0
1632,9,5306.666,0,2850,0
1633,9,5306.666,0,2900,0
1634,9,5306.666,0,2950,0
1635,9,5306.666,0,3000,0
1636,9,5306.666,0,3050,0
1637,9,5306.666,0,3100,0
1638,9,5306.666,0,3150,0
1639,9,5306.666,0,3200,0
1640,9,5306.666,0,3250,0
1641,9,5306.666,0,3300,0
1642,9,5306.666,0,3350,0
1643,9,5306.666,0,3400,0
1644,9,5306.666,0,3450,0
1645,9,5306.666,0,3500,0
1646,9,5306.666,0,3550,0
1647,9,5306.666,0,3600,0
1648,9,5306.666,0,3650,0
1649,9,5306.666,0,3700,0
1650,9,5306.666,0,3750,0
1651,9,5306.666,0,3800,0
1652,9,5306.666,0,3850,0
1653,9,5306.666,0,3900,0
1654,9,5306.666,0,3950,0
1655,9,5306.666,0,4000,0
1656,9,5306.666,0,4050,0
1657,9,5306.666,0,4100,0
1658,9,5306.666,0,4150,0
1659,9,5306.666,0,4200,0
1660,9,5306.666,0,4250,0
1661,9,5306.666,0,4300,0
1662,9,5306.666,0,4350,0
1663,9,5306.666,0,4400,0
1664,9,5306.666,0,4450,0
1665,9,5306.666,0,4500,0
1666,9,5306.666,0,4550,0
1667,9,5306.666,0,4600,0
1668,9,5306.666,0,4650,0
1669,9,5306.666,0,4700,0
1670,9,5306.666,0,4750,0
1671,9,5306.666,0,4800,0
1672,9,5306.666,0,4850,0
1673,9,5306.666,0,4900,0
1674,9,5306.666,0,4950,0
1675,9,5306.666,0,5000,0
1676,9,5306.666,0,5050,0
1677,9,5306.666,0,5100,0
1678,9,5306.666,0,5150,0
1679,9,5306.666,0,5200,0
1680,9,5306.666,0,5250,0
1681,9,5306.666,0,5300,0
1682,9,5306.666,0,5350,0
1683,9,5306.666,0,5400,0
1684,9,5306.666,0,5450,0
1685,9,5306.666,0,5500,0
1686,9,5306.666,0,5550,0
1687,9,5306.666,0,5600,0
1688,9,5306.666,0,5650,0
1689,9,5306.666,0,5700,0
1690,9,5306.666,0,5750,0
1691,9,5306.666,0,5800,0
1692,9,5306.666,0,5850,0
1693,9,5306.666,0,5900,0
1694,9,5306.666,0,5950,0
1695,9,5306.666,0,6000,0
1696,9,5306.666,0,6050,0
1697,9,5306.666,0,6100,0
1698,9,5306.666,0,6150,0
1699,9,5306.666,0,6200,0
1700,9,5306.666,0,6250,0
1701,9,5306.666,0,6300,0
1702,9,5306.666,0,6350,0
1703,9,5306.666,0,6400,0
1704,9,5306.666,0,6450,0
1705,9,5306.666,0,6500,0
1706,9,5306.666,0,6550,0
1707,9,5306.666,0,6600,0
1708,9,5306.666,0,6650,0
1709,9,5306.666,0,6700,0
1710,9,5306.666,0,6750,0
1711,9,5306.666,0,6800,0
1712,9,5306.666,0,6850,0
1713,9,5306.666,0,6900,0
1714,9,5306.666,0,6950,0
1715,9,5306.666,0,7000,0
1716,9,5306.666,0,7050,0
1717,9,5306.666,0,7100,0
1718,9,5306.666,0,7150,0
1719,9,5306.666,0,7200,0
1720,9,5306.666,0,7250,0
1721,9,5306.666,0,7300,0
1722,9,5306.666,0,7350,0
1723,9,5306.666,0,7400,0
1724,9,5306.666,0,7450,0
1725,9,5306.666,0,7500,0
1726,9,5306.666,0,7550,0
1727,9,5306.666,0,7600,0
1728,9,5306.666,0,7650,0
1729,9,5306.666,0,7700,0
1730,9,5306.666,0,7750,0
1731,9,5306.666,0,7800,0
1732,9,5306.666,0,7850,0
1733,9,5306.666,0,7900,0
1734,9,5306.666,0,7950,0
1735,9,5306.666,0,8000,0
1736,9,5306.666,0,8050,0
1737,9,5306.666,0,8100,0
1738,9,5306.666,0,8150,0
1739,9,5306.666,0,8200,0
1740,9,5306.666,0,8250,0
1741,9,5306.666,0,8300,0
1742,9,5306.666,0,8350,0
1743,9,5306.666,0,8400,0
1744,9,5306.666,0,8450,0
1745,9,5306.666,0,8500,0
1746,9,5306.666,0,8550,0
1747,9,5306.666,0,8600,0
1748,9,5306.666,0,8650,0
1749,9,5306.666,0,8700,0
1750,9,5306.666,0,8750,0
1751,9,5306.666,0,8800,0
1752,9,5306.666,0,8850,0
1753,9,5306.666,0,8900,0
1754,9,5306.666,0,8950,0
1755,9,5306.666,0,9000,0
1756,9,5306.666,0,9050,0
1757,9,5306.666,0,9100,0
1758,9,5306.666,0,9150,0
1759,9,5306.666,0,9200,0
1760,9,5306.666,0,9250,0
1761,9,5306.666,0,9300,0
1762,9,5306.666,0,9350,0
1763,9,5306.666,0,9400,0
1764,9,5306.666,0,9450,0
1765,9,5306.666,0,9500,0
1766,9,5306.666,0,9550,0
1767,9,5306.666,0,9600,0
1768,9,5306.666,0,9650,0
1769,9,5306.666,0,9700,0
1770,9,5306.666,0,9750,0
1771,9,5306.666,0,9800,0
1772,9,5306.666,0,9850,0
1773,9,5306.666,0,9900,0
1774,10,5920,0,100,0
1775,10,5920,0,150,0
1776,10,5920,0,200,0
1777,10,5920,0,250,0
1778,10,5920,0,300,0
1779,10,5920,0,350,0
1780,10,5920,0,400,0
1781,10,5920,0,450,0
1782,10,5920,0,500,0
1783,10,5920,0,550,0
1784,10,5920,0,600,0
1785,10,5920,0,650,0
1786,10,5920,0,700,0
1787,10,5920,0,750,0
1788,10,5920,0,800,0
1789,10,5920,0,850,0
1790,10,5920,0,900,0
1791,10,5920,0,950,0
1792,10,5920,0,1000,0
1793,10,5920,0,1050,0
1794,10,5920,0,1100,0
1795,10,5920,0,1150,0
1796,10,5920,0,1200,0
1797,10,5920,0,1250,0
1798,10,5920,0,1300,0
1799,10,5920,0,1350,0
1800,10,5920,0,1400,0
1801,10,5920,0,1450,0
1802,10,5920,0,1500,0
1803,10,5920,0,1550,0
1804,10,5920,0,1600,0
1805,10,5920,0,1650,0
1806,10,5920,0,1700,0
1807,10,5920,0,1750,0
1808,10,5920,0,1800,0
1809,10,5920,0,1850,0
1810,10,5920,0,1900,0
1811,10,5920,0,1950,0
1812,10,5920,0,2000,0
1813,10,5920,0,2050,0
1814,10,5920,0,2100,0
1815,10,5920,0,2150,0
1816,10,5920,0,2200,0
1817,10,5920,0,2250,0
1818,10,5920,0,2300,0
1819,10,5920,0,2350,0
1820,10,5920,0,2400,0
1821,10,5920,0,2450,0
1822,10,5920,0,2500,0
1823,10,5920,0,2550,0
1824,10,5920,0,2600,0
1825,10,5920,0,2650,0
1826,10,5920,0,2700,0
1827,10,5920,0,2750,0
1828,10,5920,0,2800,0
1829,10,5920,0,2850,0
1830,10,5920,0,2900,0
1831,10,5920,0,2950,0
1832,10,5920,0,3000,0
1833,10,5920,0,3050,0
1834,10,5920,0,3100,0
1835,10,5920,0,3150,0
1836,10,5920,0,3200,0
1837,10,5920,0,3250,0
1838,10,5920,0,3300,0
1839,10,5920,0,3350,0
1840,10,5920,0,3400,0
1841,10,5920,0,3450,0
1842,10,5920,0,3500,0
1843,10,5920,0,3550,0
1844,10,5920,0,3600,0
1845,10,5920,0,3650,0
1846,10,5920,0,3700,0
1847,10,5920,0,3750,0
1848,10,5920,0,3800,0
1849,10,5920,0,3850,0
1850,10,5920,0,3900,0
1851,10,5920,0,3950,0
1852,10,5920,0,4000,0
1853,10,5920,0,4050,0
1854,10,5920,0,4100,0
1855,10,5920,0,4150,0
1856,10,5920,0,4200,0
1857,10,5920,0,4250,0
1858,10,5920,0,4300,0
1859,10,5920,0,4350,0
1860,10,5920,0,4400,0
1861,10,5920,0,4450,0
1862,10,5920,0,4500,0
1863,10,5920,0,4550,0
1864,10,5920,0,4600,0
1865,10,5920,0,4650,0
1866,10,5920,0,4700,0
1867,10,5920,0,4750,0
1868,10,5920,0,4800,0
1869,10,5920,0,4850,0
1870,10,5920,0,4900,0
1871,10,5920,0,4950,0
1872,10,5920,0,5000,0
1873,10,5920,0,5050,0
1874,10,5920,0,5100,0
1875,10,5920,0,5150,0
1876,10,5920,0,5200,0
1877,10,5920,0,5250,0
1878,10,5920,0,5300,0
1879,10,5920,0,5350,0
1880,10,5920,0,5400,0
1881,10,5920,0,5450,0
1882,10,5920,0,5500,0
1883,10,5920,0,5550,0
1884,10,5920,0,5600,0
1885,10,5920,0,5650,0
1886,10,5920,0,5700,0
1887,10,5920,0,5750,0
1888,10,5920,0,5800,0
1889,10,5920,0,5850,0
1890,10,5920,0,5900,0
1891,10,5920,0,5950,0
1892,10,5920,0,6000,0
1893,10,5920,0,6050,0
1894,10,5920,0,6100,0
1895,10,5920,0,6150,0
1896,10,5920,0,6200,0
1897,10,5920,0,6250,0
1898,10,5920,0,6300,0
1899,10,5920,0,6350,0
1900,10,5920,0,6400,0
1901,10,5920,0,6450,0
1902,10,5920,0,6500,0
1903,10,5920,0,6550,0
1904,10,5920,0,6600,0
1905,10,5920,0,6650,0
1906,10,5920,0,6700,0
1907,10,5920,0,6750,0
1908,10,5920,0,6800,0
1909,10,5920,0,6850,0
1910,10,5920,0,6900,0
1911,10,5920,0,6950,0
1912,10,5920,0,7000,0
1913,10,5920,0,7050,0
1914,10,5920,0,7100,0
1915,10,5920,0,7150,0
1916,10,5920,0,7200,0
1917,10,5920,0,7250,0
1918,10,5920,0,7300,0
1919,10,5920,0,7350,0
1920,10,5920,0,7400,0
1921,10,5920,0,7450,0
1922,10,5920,0,7500,0
1923,10,5920,0,7550,0
1924,10,5920,0,7600,0
1925,10,5920,0,7650,0
1926,10,5920,0,7700,0
1927,10,5920,0,7750,0
1928,10,5920,0,7800,0
1929,10,5920,0,7850,0
1930,10,5920,0,7900,0
1931,10,5920,0,7950,0
1932,10,5920,0,8000,0
1933,10,5920,0,8050,0
1934,10,5920,0,8100,0
1935,10,5920,0,8150,0
1936,10,5920,0,8200,0
1937,10,5920,0,8250,0
1938,10,5920,0,8300,0
1939,10,5920,0,8350,0
1940,10,5920,0,8400,0
1941,10,5920,0,8450,0
1942,10,5920,0,8500,0
1943,10,5920,0,8550,0
1944,10,5920,0,8600,0
1945,10,5920,0,8650,0
1946,10,5920,0,8700,0
1947,10,5920,0,8750,0
1948,10,5920,0,8800,0
1949,10,5920,0,8850,0
1950,10,5920,0,8900,0
1951,10,5920,0,8950,0
1952,10,5920,0,9000,0
1953,10,5920,0,9050,0
1954,10,5920,0,9100,0
1955,10,5920,0,9150,0
1956,10,5920,0,9200,0
1957,10,5920,0,9250,0
1958,10,5920,0,9300,0
1959,10,5920,0,9350,0
1960,10,5920,0,9400,0
1961,10,5920,0,9450,0
1962,10,5920,0,9500,0
1963,10,5920,0,9550,0
1964,10,5920,0,9600,0
1965,10,5920,0,9650,0
1966,10,5920,0,9700,0
1967,10,5920,0,9750,0
1968,10,5920,0,9800,0
1969,10,5920,0,9850,0
1970,10,5920,0,9900,0
1971,11,6533.334,0,100,0
1972,11,6533.334,0,150,0
1973,11,6533.334,0,200,0
1974,11,6533.334,0,250,0
1975,11,6533.334,0,300,0
1976,11,6533.334,0,350,0
1977,11,6533.334,0,400,0
1978,11,6533.334,0,450,0
1979,11,6533.334,0,500,0
1980,11,6533.334,0,550,0
1981,11,6533.334,0,600,0
1982,11,6533.334,0,650,0
1983,11,6533.334,0,700,0
1984,11,6533.334,0,750,0
1985,11,6533.334,0,800,0
1986,11,6533.334,0,850,0
1987,11,6533.334,0,900,0
1988,11,6533.334,0,950,0
1989,11,6533.334,0,1000,0
1990,11,6533.334,0,1050,0
1991,11,6533.334,0,1100,0
1992,11,6533.334,0,1150,0
1993,11,6533.334,0,1200,0
1994,11,6533.334,0,1250,0
1995,11,6533.334,0,1300,0
1996,11,6533.334,0,1350,0
1997,11,6533.334,0,1400,0
1998,11,6533.334,0,1450,0
1999,11,6533.334,0,1500,0
2000,11,6533.334,0,1550,0
2001,11,6533.334,0,1600,0
2002,11,6533.334,0,1650,0
2003,11,6533.334,0,1700,0
2004,11,6533.334,0,1750,0
2005,11,6533.334,0,1800,0
2006,11,6533.334,0,1850,0
2007,11,6533.334,0,1900,0
2008,11,6533.334,0,1950,0
2009,11,6533.334,0,2000,0
2010,11,6533.334,0,2050,0
2011,11,6533.334,0,2100,0
2012,11,6533.334,0,2150,0
2013,11,6533.334,0,2200,0
2014,11,6533.334,0,2250,0
2015,11,6533.334,0,2300,0
2016,11,6533.334,0,2350,0
2017,11,6533.334,0,2400,0
2018,11,6533.334,0,2450,0
2019,11,6533.334,0,2500,0
2020,11,6533.334,0,2550,0
2021,11,6533.334,0,2600,0
2022,11,6533.334,0,2650,0
2023,11,6533.334,0,2700,0
2024,11,6533.334,0,2750,0
2025,11,6533.334,0,2800,0
2026,11,6533.334,0,2850,0
2027,11,6533.334,0,2900,0
2028,11,6533.334,0,2950,0
2029,11,6533.334,0,3000,0
2030,11,6533.334,0,3050,0
2031,11,6533.334,0,3100,0
2032,11,6533.334,0,3150,0
2033,11,6533.334,0,3200,0
2034,11,6533.334,0,3250,0
2035,11,6533.334,0,3300,0
2036,11,6533.334,0,3350,0
2037,11,6533.334,0,3400,0
2038,11,6533.334,0,3450,0
2039,11,6533.334,0,3500,0
2040,11,6533.334,0,3550,0
2041,11,6533.334,0,3600,0
2042,11,6533.334,0,3650,0
2043,11,6533.334,0,3700,0
2044,11,6533.334,0,3750,0
2045,11,6533.334,0,3800,0
2046,11,6533.334,0,3850,0
2047,11,6533.334,0,3900,0
2048,11,6533.334,0,3950,0
2049,11,6533.334,0,4000,0
2050,11,6533.334,0,4050,0
2051,11,6533.334,0,4100,0
2052,11,6533.334,0,4150,0
2053,11,6533.334,0,4200,0
2054,11,6533.334,0,4250,0
2055,11,6533.334,0,4300,0
2056,11,6533.334,0,4350,0
2057,11,6533.334,0,4400,0
2058,11,6533.334,0,4450,0
2059,11,6533.334,0,4500,0
2060,11,6533.334,0,4550,0
2061,11,6533.334,0,4600,0
2062,11,6533.334,0,4650,0
2063,11,6533.334,0,4700,0
2064,11,6533.334,0,4750,0
2065,11,6533.334,0,4800,0
2066,11,6533.334,0,4850,0
2067,11,6533.334,0,4900,0
2068,11,6533.334,0,4950,0
2069,11,6533.334,0,5000,0
2070,11,6533.334,0,5050,0
2071,11,6533.334,0,5100,0
2072,11,6533.334,0,5150,0
2073,11,6533.334,0,5200,0
2074,11,6533.334,0,5250,0
2075,11,6533.334,0,5300,0
2076,11,6533.334,0,5350,0
2077,11,6533.334,0,5400,0
2078,11,6533.334,0,5450,0
2079,11,6533.334,0,5500,0
2080,11,6533.334,0,5550,0
2081,11,6533.334,0,5600,0
2082,11,6533.334,0,5650,0
2083,11,6533.334,0,5700,0
2084,11,6533.334,0,5750,0
2085,11,6533.334,0,5800,0
2086,11,6533.334,0,5850,0
2087,11,6533.334,0,5900,0
2088,11,6533.334,0,5950,0
2089,11,6533.334,0,6000,0
2090,11,6533.334,0,6050,0
2091,11,6533.334,0,6100,0
2092,11,6533.334,0,6150,0
2093,11,6533.334,0,6200,0
2094,11,6533.334,0,6250,0
2095,11,6533.334,0,6300,0
2096,11,6533.334,0,6350,0
2097,11,6533.334,0,6400,0
2098,11,6533.334,0,6450,0
2099,11,6533.334,0,6500,0
2100,11,6533.334,0,6550,0
2101,11,6533.334,0,6600,0
2102,11,6533.334,0,6650,0
2103,11,6533.334,0,6700,0
2104,11,6533.334,0,6750,0
2105,11,6533.334,0,6800,0
2106,11,6533.334,0,6850,0
2107,11,6533.334,0,6900,0
2108,11,6533.334,0,6950,0
2109,11,6533.334,0,7000,0
2110,11,6533.334,0,7050,0
2111,11,6533.334,0,7100,0
2112,11,6533.334,0,7150,0
2113,11,6533.334,0,7200,0
2114,11,6533.334,0,7250,0
2115,11,6533.334,0,7300,0
2116,11,6533.334,0,7350,0
2117,11,6533.334,0,7400,0
2118,11,6533.334,0,7450,0
2119,11,6533.334,0,7500,0
2120,11,6533.334,0,7550,0
2121,11,6533.334,0,7600,0
2122,11,6533.334,0,7650,0
2123,11,6533.334,0,7700,0
2124,11,6533.334,0,7750,0
2125,11,6533.334,0,7800,0
2126,11,6533.334,0,7850,0
2127,11,6533.334,0,7900,0
2128,11,6533.334,0,7950,0
2129,11,6533.334,0,8000,0
2130,11,6533.334,0,8050,0
2131,11,6533.334,0,8100,0
2132,11,6533.334,0,8150,0
2133,11,6533.334,0,8200,0
2134,11,6533.334,0,8250,0
2135,11,6533.334,0,8300,0
2136,11,6533.334,0,8350,0
2137,11,6533.334,0,8400,0
2138,11,6533.334,0,8450,0
2139,11,6533.334,0,8500,0
2140,11,6533.334,0,8550,0
2141,11,6533.334,0,8600,0
2142,11,6533.334,0,8650,0
2143,11,6533.334,0,8700,0
2144,11,6533.334,0,8750,0
2145,11,6533.334,0,8800,0
2146,11,6533.334,0,8850,0
2147,11,6533.334,0,8900,0
2148,11,6533.334,0,8950,0
2149,11,6533.334,0,9000,0
2150,11,6533.334,0,9050,0
2151,11,6533.334,0,9100,0
2152,11,6533.334,0,9150,0
2153,11,6533.334,0,9200,0
2154,11,6533.334,0,9250,0
2155,11,6533.334,0,9300,0
2156,11,6533.334,0,9350,0
2157,11,6533.334,0,9400,0
2158,11,6533.334,0,9450,0
2159,11,6533.334,0,9500,0
2160,11,6533.334,0,9550,0
2161,11,6533.334,0,9600,0
2162,11,6533.334,0,9650,0
2163,11,6533.334,0,9700,0
2164,11,6533.334,0,9750,0
2165,11,6533.334,0,9800,0
2166,11,6533.334,0,9850,0
2167,11,6533.334,0,9900,0
2168,12,7146.666,0,100,0
2169,12,7146.666,0,150,0
2170,12,7146.666,0,200,0
2171,12,7146.666,0,250,0
2172,12,7146.666,0,300,0
2173,12,7146.666,0,350,0
2174,12,7146.666,0,400,0
2175,12,7146.666,0,450,0
2176,12,7146.666,0,500,0
2177,12,7146.666,0,550,0
2178,12,7146.666,0,600,0
2179,12,7146.666,0,650,0
2180,12,7146.666,0,700,0
2181,12,7146.666,0,750,0
2182,12,7146.666,0,800,0
2183,12,7146.666,0,850,0
2184,12,7146.666,0,900,0
2185,12,7146.666,0,950,0
2186,12,7146.666,0,1000,0
2187,12,7146.666,0,1050,0
2188,12,7146.666,0,1100,0
2189,12,7146.666,0,1150,0
2190,12,7146.666,0,1200,0
2191,12,7146.666,0,1250,0
2192,12,7146.666,0,1300,0
2193,12,7146.666,0,1350,0
2194,12,7146.666,0,1400,0
2195,12,7146.666,0,1450,0
2196,12,7146.666,0,1500,0
2197,12,7146.666,0,1550,0
2198,12,7146.666,0,1600,0
2199,12,7146.666,0,1650,0
2200,12,7146.666,0,1700,0
2201,12,7146.666,0,1750,0
2202,12,7146.666,0,1800,0
2203,12,7146.666,0,1850,0
2204,12,7146.666,0,1900,0
2205,12,7146.666,0,1950,0
2206,12,7146.666,0,2000,0
2207,12,7146.666,0,2050,0
2208,12,7146.666,0,2100,0
2209,12,7146.666,0,2150,0
2210,12,7146.666,0,2200,0
2211,12,7146.666,0,2250,0
2212,12,7146.666,0,2300,0
2213,12,7146.666,0,2350,0
2214,12,7146.666,0,2400,0
2215,12,7146.666,0,2450,0
2216,12,7146.666,0,2500,0
2217,12,7146.666,0,2550,0
2218,12,7146.666,0,2600,0
2219,12,7146.666,0,2650,0
2220,12,7146.666,0,2700,0
2221,12,7146.666,0,2750,0
2222,12,7146.666,0,2800,0
2223,12,7146.666,0,2850,0
2224,12,7146.666,0,2900,0
2225,12,7146.666,0,2950,0
2226,12,7146.666,0,3000,0
2227,12,7146.666,0,3050,0
2228,12,7146.666,0,3100,0
2229,12,7146.666,0,3150,0
2230,12,7146.666,0,3200,0
2231,12,7146.666,0,3250,0
2232,12,7146.666,0,3300,0
2233,12,7146.666,0,3350,0
2234,12,7146.666,0,3400,0
2235,12,7146.666,0,3450,0
2236,12,7146.666,0,3500,0
2237,12,7146.666,0,3550,0
2238,12,7146.666,0,3600,0
2239,12,7146.666,0,3650,0
2240,12,7146.666,0,3700,0
2241,12,7146.666,0,3750,0
2242,12,7146.666,0,3800,0
2243,12,7146.666,0,3850,0
2244,12,7146.666,0,3900,0
2245,12,7146.666,0,3950,0
2246,12,7146.666,0,4000,0
2247,12,7146.666,0,4050,0
2248,12,7146.666,0,4100,0
2249,12,7146.666,0,4150,0
2250,12,7146.666,0,4200,0
2251,12,7146.666,0,4250,0
2252,12,7146.666,0,4300,0
2253,12,7146.666,0,4350,0
2254,12,7146.666,0,4400,0
2255,12,7146.666,0,4450,0
2256,12,7146.666,0,4500,0
2257,12,7146.666,0,4550,0
2258,12,7146.666,0,4600,0
2259,12,7146.666,0,4650,0
2260,12,7146.666,0,4700,0
2261,12,7146.666,0,4750,0
2262,12,7146.666,0,4800,0
2263,12,7146.666,0,4850,0
2264,12,7146.666,0,4900,0
2265,12,7146.666,0,4950,0
2266,12,7146.666,0,5000,0
2267,12,7146.666,0,5050,0
2268,12,7146.666,0,5100,0
2269,12,7146.666,0,5150,0
2270,12,7146.666,0,5200,0
2271,12,7146.666,0,5250,0
2272,12,7146.666,0,5300,0
2273,12,7146.666,0,5350,0
2274,12,7146.666,0,5400,0
2275,12,7146.666,0,5450,0
2276,12,7146.666,0,5500,0
2277,12,7146.666,0,5550,0
2278,12,7146.666,0,5600,0
2279,12,7146.666,0,5650,0
2280,12,7146.666,0,5700,0
2281,12,7146.666,0,5750,0
2282,12,7146.666,0,5800,0
2283,12,7146.666,0,5850,0
2284,12,7146.666,0,5900,0
2285,12,7146.666,0,5950,0
2286,12,7146.666,0,6000,0
2287,12,7146.666,0,6050,0
2288,12,7146.666,0,6100,0
2289,12,7146.666,0,6150,0
2290,12,7146.666,0,6200,0
2291,12,7146.666,0,6250,0
2292,12,7146.666,0,6300,0
2293,12,7146.666,0,6350,0
2294,12,7146.666,0,6400,0
2295,12,7146.666,0,6450,0
2296,12,7146.666,0,6500,0
2297,12,7146.666,0,6550,0
2298,12,7146.666,0,6600,0
2299,12,7146.666,0,6650,0
2300,12,7146.666,0,6700,0
2301,12,7146.666,0,6750,0
2302,12,7146.666,0,6800,0
2303,12,7146.666,0,6850,0
2304,12,7146.666,0,6900,0
2305,12,7146.666,0,6950,0
2306,12,7146.666,0,7000,0
2307,12,7146.666,0,7050,0
2308,12,7146.666,0,7100,0
2309,12,7146.666,0,7150,0
2310,12,7146.666,0,7200,0
2311,12,7146.666,0,7250,0
2312,12,7146.666,0,7300,0
2313,12,7146.666,0,7350,0
2314,12,7146.666,0,7400,0
2315,12,7146.666,0,7450,0
2316,12,7146.666,0,7500,0
2317,12,7146.666,0,7550,0
2318,12,7146.666,0,7600,0
2319,12,7146.666,0,7650,0
2320,12,7146.666,0,7700,0
2321,12,7146.666,0,7750,0
2322,12,7146.666,0,7800,0
2323,12,7146.666,0,7850,0
2324,12,7146.666,0,7900,0
2325,12,7146.666,0,7950,0
2326,12,7146.666,0,8000,0
2327,12,7146.666,0,8050,0
2328,12,7146.666,0,8100,0
2329,12,7146.666,0,8150,0
2330,12,7146.666,0,8200,0
2331,12,7146.666,0,8250,0
2332,12,7146.666,0,8300,0
2333,12,7146.666,0,8350,0
2334,12,7146.666,0,8400,0
2335,12,7146.666,0,8450,0
2336,12,7146.666,0,8500,0
2337,12,7146.666,0,8550,0
2338,12,7146.666,0,8600,0
2339,12,7146.666,0,8650,0
2340,12,7146.666,0,8700,0
2341,12,7146.666,0,8750,0
2342,12,7146.666,0,8800,0
2343,12,7146.666,0,8850,0
2344,12,7146.666,0,8900,0
2345,12,7146.666,0,8950,0
2346,12,7146.666,0,9000,0
2347,12,7146.666,0,9050,0
2348,12,7146.666,0,9100,0
2349,12,7146.666,0,9150,0
2350,12,7146.666,0,9200,0
2351,12,7146.666,0,9250,0
2352,12,7146.666,0,9300,0
2353,12,7146.666,0,9350,0
2354,12,7146.666,0,9400,0
2355,12,7146.666,0,9450,0
2356,12,7146.666,0,9500,0
2357,12,7146.666,0,9550,0
2358,12,7146.666,0,9600,0
2359,12,7146.666,0,9650,0
2360,12,7146.666,0,9700,0
2361,12,7146.666,0,9750,0
2362,12,7146.666,0,9800,0
2363,12,7146.666,0,9850,0
2364,12,7146.666,0,9900,0
2365,13,7760,0,100,0
2366,13,7760,0,150,0
2367,13,7760,0,200,0
2368,13,7760,0,250,0
2369,13,7760,0,300,0
2370,13,7760,0,350,0
2371,13,7760,0,400,0
2372,13,7760,0,450,0
2373,13,7760,0,500,0
2374,13,7760,0,550,0
2375,13,7760,0,600,0
2376,13,7760,0,650,0
2377,13,7760,0,700,0
2378,13,7760,0,750,0
2379,13,7760,0,800,0
2380,13,7760,0,850,0
2381,13,7760,0,900,0
2382,13,7760,0,950,0
2383,13,7760,0,1000,0
2384,13,7760,0,1050,0
2385,13,7760,0,1100,0
2386,13,7760,0,1150,0
2387,13,7760,0,1200,0
2388,13,7760,0,1250,0
2389,13,7760,0,1300,0
2390,13,7760,0,1350,0
2391,13,7760,0,1400,0
2392,13,7760,0,1450,0
2393,13,7760,0,1500,0
2394,13,7760,0,1550,0
2395,13,7760,0,1600,0
2396,13,7760,0,1650,0
2397,13,7760,0,1700,0
2398,13,7760,0,1750,0
2399,13,7760,0,1800,0
2400,13,7760,0,1850,0
2401,13,7760,0,1900,0
2402,13,7760,0,1950,0
2403,13,7760,0,2000,0
2404,13,7760,0,2050,0
2405,13,7760,0,2100,0
2406,13,7760,0,2150,0
2407,13,7760,0,2200,0
2408,13,7760,0,2250,0
2409,13,7760,0,2300,0
2410,13,7760,0,2350,0
2411,13,7760,0,2400,0
2412,13,7760,0,2450,0
2413,13,7760,0,2500,0
2414,13,7760,0,2550,0
2415,13,7760,0,2600,0
2416,13,7760,0,2650,0
2417,13,7760,0,2700,0
2418,13,7760,0,2750,0
2419,13,7760,0,2800,0
2420,13,7760,0,2850,0
2421,13,7760,0,2900,0
2422,13,7760,0,2950,0
2423,13,7760,0,3000,0
2424,13,7760,0,3050,0
2425,13,7760,0,3100,0
2426,13,7760,0,3150,0
2427,13,7760,0,3200,0
2428,13,7760,0,3250,0
2429,13,7760,0,3300,0
2430,13,7760,0,3350,0
2431,13,7760,0,3400,0
2432,13,7760,0,3450,0
2433,13,7760,0,3500,0
2434,13,7760,0,3550,0
2435,13,7760,0,3600,0
2436,13,7760,0,3650,0
2437,13,7760,0,3700,0
2438,13,7760,0,3750,0
2439,13,7760,0,3800,0
2440,13,7760,0,3850,0
2441,13,7760,0,3900,0
2442,13,7760,0,3950,0
2443,13,7760,0,4000,0
2444,13,7760,0,4050,0
2445,13,7760,0,4100,0
2446,13,7760,0,4150,0
2447,13,7760,0,4200,0
2448,13,7760,0,4250,0
2449,13,7760,0,4300,0
2450,13,7760,0,4350,0
2451,13,7760,0,4400,0
2452,13,7760,0,4450,0
2453,13,7760,0,4500,0
2454,13,7760,0,4550,0
2455,13,7760,0,4600,0
2456,13,7760,0,4650,0
2457,13,7760,0,4700,0
2458,13,7760,0,4750,0
2459,13,7760,0,4800,0
2460,13,7760,0,4850,0
2461,13,7760,0,4900,0
2462,13,7760,0,4950,0
2463,13,7760,0,5000,0
2464,13,7760,0,5050,0
2465,13,7760,0,5100,0
2466,13,7760,0,5150,0
2467,13,7760,0,5200,0
2468,13,7760,0,5250,0
2469,13,7760,0,5300,0
2470,13,7760,0,5350,0
2471,13,7760,0,5400,0
2472,13,7760,0,5450,0
2473,13,7760,0,5500,0
2474,13,7760,0,5550,0
2475,13,7760,0,5600,0
2476,13,7760,0,5650,0
2477,13,7760,0,5700,0
2478,13,7760,0,5750,0
2479,13,7760,0,5800,0
2480,13,7760,0,5850,0
2481,13,7760,0,5900,0
2482,13,7760,0,5950,0
2483,13,7760,0,6000,0
2484,13,7760,0,6050,0
2485,13,7760,0,6100,0
2486,13,7760,0,6150,0
2487,13,7760,0,6200,0
2488,13,7760,0,6250,0
2489,13,7760,0,6300,0
2490,13,7760,0,6350,0
2491,13,7760,0,6400,0
2492,13,7760,0,6450,0
2493,13,7760,0,6500,0
2494,13,7760,0,6550,0
2495,13,7760,0,6600,0
2496,13,7760,0,6650,0
2497,13,7760,0,6700,0
2498,13,7760,0,6750,0
2499,13,7760,0,6800,0
2500,13,7760,0,6850,0
2501,13,7760,0,6900,0
2502,13,7760,0,6950,0
2503,13,7760,0,7000,0
2504,13,7760,0,7050,0
2505,13,7760,0,7100,0
2506,13,7760,0,7150,0
2507,13,7760,0,7200,0
2508,13,7760,0,7250,0
2509,13,7760,0,7300,0
2510,13,7760,0,7350,0
2511,13,7760,0,7400,0
2512,13,7760,0,7450,0
2513,13,7760,0,7500,0
2514,13,7760,0,7550,0
2515,13,7760,0,7600,0
2516,13,7760,0,7650,0
2517,13,7760,0,7700,0
2518,13,7760,0,7750,0
2519,13,7760,0,7800,0
2520,13,7760,0,7850,0
2521,13,7760,0,7900,0
2522,13,7760,0,7950,0
2523,13,7760,0,8000,0
2524,13,7760,0,8050,0
2525,13,7760,0,8100,0
2526,13,7760,0,8150,0
2527,13,7760,0,8200,0
2528,13,7760,0,8250,0
2529,13,7760,0,8300,0
2530,13,7760,0,8350,0
2531,13,7760,0,8400,0
2532,13,7760,0,8450,0
2533,13,7760,0,8500,0
2534,13,7760,0,8550,0
2535,13,7760,0,8600,0
2536,13,7760,0,8650,0
2537,13,7760,0,8700,0
2538,13,7760,0,8750,0
2539,13,7760,0,8800,0
2540,13,7760,0,8850,0
2541,13,7760,0,8900,0
2542,13,7760,0,8950,0
2543,13,7760,0,9000,0
2544,13,7760,0,9050,0
2545,13,7760,0,9100,0
2546,13,7760,0,9150,0
2547,13,7760,0,9200,0
2548,13,7760,0,9250,0
2549,13,7760,0,9300,0
2550,13,7760,0,9350,0
2551,13,7760,0,9400,0
2552,13,7760,0,9450,0
2553,13,7760,0,9500,0
2554,13,7760,0,9550,0
2555,13,7760,0,9600,0
2556,13,7760,0,9650,0
2557,13,7760,0,9700,0
2558,13,7760,0,9750,0
2559,13,7760,0,9800,0
2560,13,7760,0,9850,0
2561,13,7760,0,9900,0
2562,14,8373.333,0,100,0
2563,14,8373.333,0,150,0
2564,14,8373.333,0,200,0
2565,14,8373.333,0,250,0
2566,14,8373.333,0,300,0
2567,14,8373.333,0,350,0
2568,14,8373.333,0,400,0
2569,14,8373.333,0,450,0
2570,14,8373.333,0,500,0
2571,14,8373.333,0,550,0
2572,14,8373.333,0,600,0
2573,14,8373.333,0,650,0
2574,14,8373.333,0,700,0
2575,14,8373.333,0,750,0
2576,14,8373.333,0,800,0
2577,14,8373.333,0,850,0
2578,14,8373.333,0,900,0
2579,14,8373.333,0,950,0
2580,14,8373.333,0,1000,0
2581,14,8373.333,0,1050,0
2582,14,8373.333,0,1100,0
2583,14,8373.333,0,1150,0
2584,14,8373.333,0,1200,0
2585,14,8373.333,0,1250,0
2586,14,8373.333,0,1300,0
2587,14,8373.333,0,1350,0
2588,14,8373.333,0,1400,0
2589,14,8373.333,0,1450,0
2590,14,8373.333,0,1500,0
2591,14,8373.333,0,1550,0
2592,14,8373.333,0,1600,0
2593,14,8373.333,0,1650,0
2594,14,8373.333,0,1700,0
2595,14,8373.333,0,1750,0
2596,14,8373.333,0,1800,0
2597,14,8373.333,0,1850,0
2598,14,8373.333,0,1900,0
2599,14,8373.333,0,1950,0
2600,14,8373.333,0,2000,0
2601,14,8373.333,0,2050,0
2602,14,8373.333,0,2100,0
2603,14,8373.333,0,2150,0
2604,14,8373.333,0,2200,0
2605,14,8373.333,0,2250,0
2606,14,8373.333,0,2300,0
2607,14,8373.333,0,2350,0
2608,14,8373.333,0,2400,0
2609,14,8373.333,0,2450,0
2610,14,8373.333,0,2500,0
2611,14,8373.333,0,2550,0
2612,14,8373.333,0,2600,0
2613,14,8373.333,0,2650,0
2614,14,8373.333,0,2700,0
2615,14,8373.333,0,2750,0
2616,14,8373.333,0,2800,0
2617,14,8373.333,0,2850,0
2618,14,8373.333,0,2900,0
2619,14,8373.333,0,2950,0
2620,14,8373.333,0,3000,0
2621,14,8373.333,0,3050,0
2622,14,8373.333,0,3100,0
2623,14,8373.333,0,3150,0
2624,14,8373.333,0,3200,0
2625,14,8373.333,0,3250,0
2626,14,8373.333,0,3300,0
2627,14,8373.333,0,3350,0
2628,14,8373.333,0,3400,0
2629,14,8373.333,0,3450,0
2630,14,8373.333,0,3500,0
2631,14,8373.333,0,3550,0
2632,14,8373.333,0,3600,0
2633,14,8373.333,0,3650,0
2634,14,8373.333,0,3700,0
2635,14,8373.333,0,3750,0
2636,14,8373.333,0,3800,0
2637,14,8373.333,0,3850,0
2638,14,8373.333,0,3900,0
2639,14,8373.333,0,3950,0
2640,14,8373.333,0,4000,0
2641,14,8373.333,0,4050,0
2642,14,8373.333,0,4100,0
2643,14,8373.333,0,4150,0
2644,14,8373.333,0,4200,0
2645,14,8373.333,0,4250,0
2646,14,8373.333,0,4300,0
2647,14,8373.333,0,4350,0
2648,14,8373.333,0,4400,0
2649,14,8373.333,0,4450,0
2650,14,8373.333,0,4500,0
2651,14,8373.333,0,4550,0
2652,14,8373.333,0,4600,0
2653,14,8373.333,0,4650,0
2654,14,8373.333,0,4700,0
2655,14,8373.333,0,4750,0
2656,14,8373.333,0,4800,0
2657,14,8373.333,0,4850,0
2658,14,8373.333,0,4900,0
2659,14,8373.333,0,4950,0
2660,14,8373.333,0,5000,0
2661,14,8373.333,0,5050,0
2662,14,8373.333,0,5100,0
2663,14,8373.333,0,5150,0
2664,14,8373.333,0,5200,0
2665,14,8373.333,0,5250,0
2666,14,8373.333,0,5300,0
2667,14,8373.333,0,5350,0
2668,14,8373.333,0,5400,0
2669,14,8373.333,0,5450,0
2670,14,8373.333,0,5500,0
2671,14,8373.333,0,5550,0
2672,14,8373.333,0,5600,0
2673,14,8373.333,0,5650,0
2674,14,8373.333,0,5700,0
2675,14,8373.333,0,5750,0
2676,14,8373.333,0,5800,0
2677,14,8373.333,0,5850,0
2678,14,8373.333,0,5900,0
2679,14,8373.333,0,5950,0
2680,14,8373.333,0,6000,0
2681,14,8373.333,0,6050,0
2682,14,8373.333,0,6100,0
2683,14,8373.333,0,6150,0
2684,14,8373.333,0,6200,0
2685,14,8373.333,0,6250,0
2686,14,8373.333,0,6300,0
2687,14,8373.333,0,6350,0
2688,14,8373.333,0,6400,0
2689,14,8373.333,0,6450,0
2690,14,8373.333,0,6500,0
2691,14,8373.333,0,6550,0
2692,14,8373.333,0,6600,0
2693,14,8373.333,0,6650,0
2694,14,8373.333,0,6700,0
2695,14,8373.333,0,6750,0
2696,14,8373.333,0,6800,0
2697,14,8373.333,0,6850,0
2698,14,8373.333,0,6900,0
2699,14,8373.333,0,6950,0
2700,14,8373.333,0,7000,0
2701,14,8373.333,0,7050,0
2702,14,8373.333,0,7100,0
2703,14,8373.333,0,7150,0
2704,14,8373.333,0,7200,0
2705,14,8373.333,0,7250,0
2706,14,8373.333,0,7300,0
2707,14,8373.333,0,7350,0
2708,14,8373.333,0,7400,0
2709,14,8373.333,0,7450,0
2710,14,8373.333,0,7500,0
2711,14,8373.333,0,7550,0
2712,14,8373.333,0,7600,0
2713,14,8373.333,0,7650,0
2714,14,8373.333,0,7700,0
2715,14,8373.333,0,7750,0
2716,14,8373.333,0,7800,0
2717,14,8373.333,0,7850,0
2718,14,8373.333,0,7900,0
2719,14,8373.333,0,7950,0
2720,14,8373.333,0,8000,0
2721,14,8373.333,0,8050,0
2722,14,8373.333,0,8100,0
2723,14,8373.333,0,8150,0
2724,14,8373.333,0,8200,0
2725,14,8373.333,0,8250,0
2726,14,8373.333,0,8300,0
2727,14,8373.333,0,8350,0
2728,14,8373.333,0,8400,0
2729,14,8373.333,0,8450,0
2730,14,8373.333,0,8500,0
2731,14,8373.333,0,8550,0
2732,14,8373.333,0,8600,0
2733,14,8373.333,0,8650,0
2734,14,8373.333,0,8700,0
2735,14,8373.333,0,8750,0
2736,14,8373.333,0,8800,0
2737,14,8373.333,0,8850,0
2738,14,8373.333,0,8900,0
2739,14,8373.333,0,8950,0
2740,14,8373.333,0,9000,0
2741,14,8373.333,0,9050,0
2742,14,8373.333,0,9100,0
2743,14,8373.333,0,9150,0
2744,14,8373.333,0,9200,0
2745,14,8373.333,0,9250,0
2746,14,8373.333,0,9300,0
2747,14,8373.333,0,9350,0
2748,14,8373.333,0,9400,0
2749,14,8373.333,0,9450,0
2750,14,8373.333,0,9500,0
2751,14,8373.333,0,9550,0
2752,14,8373.333,0,9600,0
2753,14,8373.333,0,9650,0
2754,14,8373.333,0,9700,0
2755,14,8373.333,0,9750,0
2756,14,8373.333,0,9800,0
2757,14,8373.333,0,9850,0
2758,14,8373.333,0,9900,0
2759,15,8986.667,0,100,0
2760,15,8986.667,0,150,0
2761,15,8986.667,0,200,0
2762,15,8986.667,0,250,0
2763,15,8986.667,0,300,0
2764,15,8986.667,0,350,0
2765,15,8986.667,0,400,0
2766,15,8986.667,0,450,0
2767,15,8986.667,0,500,0
2768,15,8986.667,0,550,0
2769,15,8986.667,0,600,0
2770,15,8986.667,0,650,0
2771,15,8986.667,0,700,0
2772,15,8986.667,0,750,0
2773,15,8986.667,0,800,0
2774,15,8986.667,0,850,0
2775,15,8986.667,0,900,0
2776,15,8986.667,0,950,0
2777,15,8986.667,0,1000,0
2778,15,8986.667,0,1050,0
2779,15,8986.667,0,1100,0
2780,15,8986.667,0,1150,0
2781,15,8986.667,0,1200,0
2782,15,8986.667,0,1250,0
2783,15,8986.667,0,1300,0
2784,15,8986.667,0,1350,0
2785,15,8986.667,0,1400,0
2786,15,8986.667,0,1450,0
2787,15,8986.667,0,1500,0
2788,15,8986.667,0,1550,0
2789,15,8986.667,0,1600,0
2790,15,8986.667,0,1650,0
2791,15,8986.667,0,1700,0
2792,15,8986.667,0,1750,0
2793,15,8986.667,0,1800,0
2794,15,8986.667,0,1850,0
2795,15,8986.667,0,1900,0
2796,15,8986.667,0,1950,0
2797,15,8986.667,0,2000,0
2798,15,8986.667,0,2050,0
2799,15,8986.667,0,2100,0
2800,15,8986.667,0,2150,0
2801,15,8986.667,0,2200,0
2802,15,8986.667,0,2250,0
2803,15,8986.667,0,2300,0
2804,15,8986.667,0,2350,0
2805,15,8986.667,0,2400,0
2806,15,8986.667,0,2450,0
2807,15,8986.667,0,2500,0
2808,15,8986.667,0,2550,0
2809,15,8986.667,0,2600,0
2810,15,8986.667,0,2650,0
2811,15,8986.667,0,2700,0
2812,15,8986.667,0,2750,0
2813,15,8986.667,0,2800,0
2814,15,8986.667,0,2850,0
2815,15,8986.667,0,2900,0
2816,15,8986.667,0,2950,0
2817,15,8986.667,0,3000,0
2818,15,8986.667,0,3050,0
2819,15,8986.667,0,3100,0
2820,15,8986.667,0,3150,0
2821,15,8986.667,0,3200,0
2822,15,8986.667,0,3250,0
2823,15,8986.667,0,3300,0
2824,15,8986.667,0,3350,0
2825,15,8986.667,0,3400,0
2826,15,8986.667,0,3450,0
2827,15,8986.667,0,3500,0
2828,15,8986.667,0,3550,0
2829,15,8986.667,0,3600,0
2830,15,8986.667,0,3650,0
2831,15,8986.667,0,3700,0
2832,15,8986.667,0,3750,0
2833,15,8986.667,0,3800,0
2834,15,8986.667,0,3850,0
2835,15,8986.667,0,3900,0
2836,15,8986.667,0,3950,0
2837,15,8986.667,0,4000,0
2838,15,8986.667,0,4050,0
2839,15,8986.667,0,4100,0
2840,15,8986.667,0,4150,0
2841,15,8986.667,0,4200,0
2842,15,8986.667,0,4250,0
2843,15,8986.667,0,4300,0
2844,15,8986.667,0,4350,0
2845,15,8986.667,0,4400,0
2846,15,8986.667,0,4450,0
2847,15,8986.667,0,4500,0
2848,15,8986.667,0,4550,0
2849,15,8986.667,0,4600,0
2850,15,8986.667,0,4650,0
2851,15,8986.667,0,4700,0
2852,15,8986.667,0,4750,0
2853,15,8986.667,0,4800,0
2854,15,8986.667,0,4850,0
2855,15,8986.667,0,4900,0
2856,15,8986.667,0,4950,0
2857,15,8986.667,0,5000,0
2858,15,8986.667,0,5050,0
2859,15,8986.667,0,5100,0
2860,15,8986.667,0,5150,0
2861,15,8986.667,0,5200,0
2862,15,8986.667,0,5250,0
2863,15,8986.667,0,5300,0
2864,15,8986.667,0,5350,0
2865,15,8986.667,0,5400,0
2866,15,8986.667,0,5450,0
2867,15,8986.667,0,5500,0
2868,15,8986.667,0,5550,0
2869,15,8986.667,0,5600,0
2870,15,8986.667,0,5650,0
2871,15,8986.667,0,5700,0
2872,15,8986.667,0,5750,0
2873,15,8986.667,0,5800,0
2874,15,8986.667,0,5850,0
2875,15,8986.667,0,5900,0
2876,15,8986.667,0,5950,0
2877,15,8986.667,0,6000,0
2878,15,8986.667,0,6050,0
2879,15,8986.667,0,6100,0
2880,15,8986.667,0,6150,0
2881,15,8986.667,0,6200,0
2882,15,8986.667,0,6250,0
2883,15,8986.667,0,6300,0
2884,15,8986.667,0,6350,0
2885,15,8986.667,0,6400,0
2886,15,8986.667,0,6450,0
2887,15,8986.667,0,6500,0
2888,15,8986.667,0,6550,0
2889,15,8986.667,0,6600,0
2890,15,8986.667,0,6650,0
2891,15,8986.667,0,6700,0
2892,15,8986.667,0,6750,0
2893,15,8986.667,0,6800,0
2894,15,8986.667,0,6850,0
2895,15,8986.667,0,6900,0
2896,15,8986.667,0,6950,0
2897,15,8986.667,0,7000,0
2898,15,8986.667,0,7050,0
2899,15,8986.667,0,7100,0
2900,15,8986.667,0,7150,0
2901,15,8986.667,0,7200,0
2902,15,8986.667,0,7250,0
2903,15,8986.667,0,7300,0
2904,15,8986.667,0,7350,0
2905,15,8986.667,0,7400,0
2906,15,8986.667,0,7450,0
2907,15,8986.667,0,7500,0
2908,15,8986.667,0,7550,0
2909,15,8986.667,0,7600,0
2910,15,8986.667,0,7650,0
2911,15,8986.667,0,7700,0
2912,15,8986.667,0,7750,0
2913,15,8986.667,0,7800,0
2914,15,8986.667,0,7850,0
2915,15,8986.667,0,7900,0
2916,15,8986.667,0,7950,0
2917,15,8986.667,0,8000,0
2918,15,8986.667,0,8050,0
2919,15,8986.667,0,8100,0
2920,15,8986.667,0,8150,0
2921,15,8986.667,0,8200,0
2922,15,8986.667,0,8250,0
2923,15,8986.667,0,8300,0
2924,15,8986.667,0,8350,0
2925,15,8986.667,0,8400,0
2926,15,8986.667,0,8450,0
2927,15,8986.667,0,8500,0
2928,15,8986.667,0,8550,0
2929,15,8986.667,0,8600,0
2930,15,8986.667,0,8650,0
2931,15,8986.667,0,8700,0
2932,15,8986.667,0,8750,0
2933,15,8986.667,0,8800,0
2934,15,8986.667,0,8850,0
2935,15,8986.667,0,8900,0
2936,15,8986.667,0,8950,0
2937,15,8986.667,0,9000,0
2938,15,8986.667,0,9050,0
2939,15,8986.667,0,9100,0
2940,15,8986.667,0,9150,0
2941,15,8986.667,0,9200,0
2942,15,8986.667,0,9250,0
2943,15,8986.667,0,9300,0
2944,15,8986.667,0,9350,0
2945,15,8986.667,0,9400,0
2946,15,8986.667,0,9450,0
2947,15,8986.667,0,9500,0
2948,15,8986.667,0,9550,0
2949,15,8986.667,0,9600,0
2950,15,8986.667,0,9650,0
2951,15,8986.667,0,9700,0
2952,15,8986.667,0,9750,0
2953,15,8986.667,0,9800,0
2954,15,8986.667,0,9850,0
2955,15,8986.667,0,9900,0
2956,16,9600,0,100,0
2957,16,9600,0,150,0
2958,16,9600,0,200,0
2959,16,9600,0,250,0
2960,16,9600,0,300,0
2961,16,9600,0,350,0
2962,16,9600,0,400,0
2963,16,9600,0,450,0
2964,16,9600,0,500,0
2965,16,9600,0,550,0
2966,16,9600,0,600,0
2967,16,9600,0,650,0
2968,16,9600,0,700,0
2969,16,9600,0,750,0
2970,16,9600,0,800,0
2971,16,9600,0,850,0
2972,16,9600,0,900,0
2973,16,9600,0,950,0
2974,16,9600,0,1000,0
2975,16,9600,0,1050,0
2976,16,9600,0,1100,0
2977,16,9600,0,1150,0
2978,16,9600,0,1200,0
2979,16,9600,0,1250,0
2980,16,9600,0,1300,0
2981,16,9600,0,1350,0
2982,16,9600,0,1400,0
2983,16,9600,0,1450,0
2984,16,9600,0,1500,0
2985,16,9600,0,1550,0
2986,16,9600,0,1600,0
2987,16,9600,0,1650,0
2988,16,9600,0,1700,0
2989,16,9600,0,1750,0
2990,16,9600,0,1800,0
2991,16,9600,0,1850,0
2992,16,9600,0,1900,0
2993,16,9600,0,1950,0
2994,16,9600,0,2000,0
2995,16,9600,0,2050,0
2996,16,9600,0,2100,0
2997,16,9600,0,2150,0
2998,16,9600,0,2200,0
2999,16,9600,0,2250,0
3000,16,9600,0,2300,0
3001,16,9600,0,2350,0
3002,16,9600,0,2400,0
3003,16,9600,0,2450,0
3004,16,9600,0,2500,0
3005,16,9600,0,2550,0
3006,16,9600,0,2600,0
3007,16,9600,0,2650,0
3008,16,9600,0,2700,0
3009,16,9600,0,2750,0
3010,16,9600,0,2800,0
3011,16,9600,0,2850,0
3012,16,9600,0,2900,0
3013,16,9600,0,2950,0
3014,16,9600,0,3000,0
3015,16,9600,0,3050,0
3016,16,9600,0,3100,0
3017,16,9600,0,3150,0
3018,16,9600,0,3200,0
3019,16,9600,0,3250,0
3020,16,9600,0,3300,0
3021,16,9600,0,3350,0
3022,16,9600,0,3400,0
3023,16,9600,0,3450,0
3024,16,9600,0,3500,0
3025,16,9600,0,3550,0
3026,16,9600,0,3600,0
3027,16,9600,0,3650,0
3028,16,9600,0,3700,0
3029,16,9600,0,3750,0
3030,16,9600,0,3800,0
3031,16,9600,0,3850,0
3032,16,9600,0,3900,0
3033,16,9600,0,3950,0
3034,16,9600,0,4000,0
3035,16,9600,0,4050,0
3036,16,9600,0,4100,0
3037,16,9600,0,4150,0
3038,16,9600,0,4200,0
3039,16,9600,0,4250,0
3040,16,9600,0,4300,0
3041,16,9600,0,4350,0
3042,16,9600,0,4400,0
3043,16,9600,0,4450,0
3044,16,9600,0,4500,0
3045,16,9600,0,4550,0
3046,16,9600,0,4600,0
3047,16,9600,0,4650,0
3048,16,9600,0,4700,0
3049,16,9600,0,4750,0
3050,16,9600,0,4800,0
3051,16,9600,0,4850,0
3052,16,9600,0,4900,0
3053,16,9600,0,4950,0
3054,16,9600,0,5000,0
3055,16,9600,0,5050,0
3056,16,9600,0,5100,0
3057,16,9600,0,5150,0
3058,16,9600,0,5200,0
3059,16,9600,0,5250,0
3060,16,9600,0,5300,0
3061,16,9600,0,5350,0
3062,16,9600,0,5400,0
3063,16,9600,0,5450,0
3064,16,9600,0,5500,0
3065,16,9600,0,5550,0
3066,16,9600,0,5600,0
3067,16,9600,0,5650,0
3068,16,9600,0,5700,0
3069,16,9600,0,5750,0
3070,16,9600,0,5800,0
3071,16,9600,0,5850,0
3072,16,9600,0,5900,0
3073,16,9600,0,5950,0
3074,16,9600,0,6000,0
3075,16,9600,0,6050,0
3076,16,9600,0,6100,0
3077,16,9600,0,6150,0
3078,16,9600,0,6200,0
3079,16,9600,0,6250,0
3080,16,9600,0,6300,0
3081,16,9600,0,6350,0
3082,16,9600,0,6400,0
3083,16,9600,0,6450,0
3084,16,9600,0,6500,0
3085,16,9600,0,6550,0
3086,16,9600,0,6600,0
3087,16,9600,0,6650,0
3088,16,9600,0,6700,0
3089,16,9600,0,6750,0
3090,16,9600,0,6800,0
3091,16,9600,0,6850,0
3092,16,9600,0,6900,0
3093,16,9600,0,6950,0
3094,16,9600,0,7000,0
3095,16,9600,0,7050,0
3096,16,9600,0,7100,0
3097,16,9600,0,7150,0
3098,16,9600,0,7200,0
3099,16,9600,0,7250,0
3100,16,9600,0,7300,0
3101,16,9600,0,7350,0
3102,16,9600,0,7400,0
3103,16,9600,0,7450,0
3104,16,9600,0,7500,0
3105,16,9600,0,7550,0
3106,16,9600,0,7600,0
3107,16,9600,0,7650,0
3108,16,9600,0,7700,0
3109,16,9600,0,7750,0
3110,16,9600,0,7800,0
3111,16,9600,0,7850,0
3112,16,9600,0,7900,0
3113,16,9600,0,7950,0
3114,16,9600,0,8000,0
3115,16,9600,0,8050,0
3116,16,9600,0,8100,0
3117,16,9600,0,8150,0
3118,16,9600,0,8200,0
3119,16,9600,0,8250,0
3120,16,9600,0,8300,0
3121,16,9600,0,8350,0
3122,16,9600,0,8400,0
3123,16,9600,0,8450,0
3124,16,9600,0,8500,0
3125,16,9600,0,8550,0
3126,16,9600,0,8600,0
3127,16,9600,0,8650,0
3128,16,9600,0,8700,0
3129,16,9600,0,8750,0
3130,16,9600,0,8800,0
3131,16,9600,0,8850,0
3132,16,9600,0,8900,0
3133,16,9600,0,8950,0
3134,16,9600,0,9000,0
3135,16,9600,0,9050,0
3136,16,9600,0,9100,0
3137,16,9600,0,9150,0
3138,16,9600,0,9200,0
3139,16,9600,0,9250,0
3140,16,9600,0,9300,0
3141,16,9600,0,9350,0
3142,16,9600,0,9400,0
3143,16,9600,0,9450,0
3144,16,9600,0,9500,0
3145,16,9600,0,9550,0
3146,16,9600,0,9600,0
3147,16,9600,0,9650,0
3148,16,9600,0,9700,0
3149,16,9600,0,9750,0
3150,16,9600,0,9800,0
3151,16,9600,0,9850,0
3152,16,9600,0,9900,0
